year,suburb,median_price,rent_house,rent_all,rent_used,gross_yield,net_yield_25,net_yield_30
2013,ALTONA,572500.0,320.875,340.0,320.875,2.9144978165938866,2.185873362445415,2.0401484716157205
2013,ARMADALE,1675000.0,657.25,395.0,657.25,2.0404179104477613,1.5303134328358208,1.4282925373134328
2013,BAIRNSDALE,235000.0,250.0,260.0,250.0,5.531914893617021,4.148936170212766,3.872340425531915
2013,BALWYN,1530000.0,450.625,460.0,450.625,1.5315359477124182,1.1486519607843138,1.0720751633986927
2013,BAYSWATER,458500.0,325.375,325.0,325.375,3.6901853871319523,2.767639040348964,2.5831297709923664
2013,BENALLA,228000.0,213.125,212.5,213.125,4.860745614035087,3.645559210526316,3.402521929824561
2013,BENDIGO,340000.0,281.375,274.0,281.375,4.303382352941176,3.2275367647058824,3.012367647058823
2013,BENTLEIGH,900000.0,434.75,405.0,434.75,2.511888888888889,1.8839166666666667,1.7583222222222221
2013,BERWICK,453000.0,327.5,350.0,327.5,3.759381898454746,2.81953642384106,2.6315673289183223
2013,BLACKBURN,860500.0,372.5,380.0,372.5,2.251016850668216,1.688262638001162,1.575711795467751
2013,BORONIA,459500.0,325.625,330.0,325.625,3.6849836779107727,2.7637377584330793,2.5794885745375407
2013,BOX HILL,855000.0,376.875,365.0,376.875,2.2921052631578944,1.7190789473684212,1.6044736842105265
2013,BRIGHTON,1802500.0,666.875,627.5,666.875,1.9238557558945906,1.4428918169209433,1.3466990291262135
2013,BRIGHTON EAST,1230000.0,530.75,582.5,530.75,2.2438211382113824,1.6828658536585366,1.5706747967479673
2013,BRUNSWICK,750000.0,500.0,400.0,500.0,3.4666666666666663,2.6,2.4266666666666667
2013,CARLTON NORTH,890500.0,569.75,495.0,569.75,3.327007299270073,2.495255474452555,2.328905109489051
2013,CARNEGIE,865000.0,472.125,350.0,472.125,2.8382080924855493,2.128656069364162,1.9867456647398842
2013,CASTLEMAINE,372500.0,293.125,300.0,293.125,4.0919463087248324,3.0689597315436243,2.864362416107382
2013,CAULFIELD,1172500.0,507.25,392.5,507.25,2.249637526652452,1.687228144989339,1.5747462686567162
2013,CHELTENHAM,690000.0,421.0,380.0,421.0,3.172753623188406,2.3795652173913044,2.220927536231884
2013,CLAYTON,645000.0,348.125,350.0,348.125,2.8065891472868216,2.104941860465116,1.9646124031007752
2013,CORIO,230000.0,237.25,250.0,237.25,5.36391304347826,4.022934782608695,3.7547391304347824
2013,CRAIGIEBURN,360000.0,310.0,320.0,310.0,4.477777777777778,3.3583333333333334,3.1344444444444446
2013,CRANBOURNE,315000.0,305.625,332.5,305.625,5.045238095238095,3.7839285714285715,3.531666666666667
2013,DANDENONG,405000.0,313.75,292.5,313.75,4.0283950617283955,3.0212962962962964,2.819876543209877
2013,EAST MELBOURNE,1790000.0,842.0,460.0,842.0,2.4460335195530725,1.8345251396648043,1.7122234636871507
2013,ECHUCA,285000.0,255.0,252.5,255.0,4.652631578947369,3.4894736842105263,3.256842105263158
2013,ELSTERNWICK,1365000.0,538.125,390.0,538.125,2.0500000000000003,1.5375,1.435
2013,ELWOOD,1350000.0,672.375,390.0,672.375,2.589888888888889,1.9424166666666667,1.812922222222222
2013,ESSENDON,870000.0,380.25,350.0,380.25,2.2727586206896553,1.7045689655172411,1.5909310344827585
2013,FERNTREE GULLY,451000.0,325.0,337.5,325.0,3.747228381374723,2.810421286031042,2.623059866962306
2013,FITZROY,945000.0,633.125,492.5,633.125,3.4838624338624333,2.6128968253968257,2.4387037037037036
2013,FOOTSCRAY,600000.0,365.625,330.0,365.625,3.16875,2.3765625,2.218125
2013,FRANKSTON,350000.0,300.0,300.0,300.0,4.457142857142857,3.3428571428571425,3.1199999999999997
2013,HAMILTON,192500.0,224.125,230.0,224.125,6.054285714285714,4.5407142857142855,4.238
2013,HAWTHORN,1575000.0,589.75,372.5,589.75,1.9471111111111112,1.4603333333333333,1.3629777777777776
2013,HORSHAM,215000.0,224.125,232.5,224.125,5.420697674418604,4.065523255813954,3.794488372093023
2013,KEILOR,572500.0,353.75,369.0,353.75,3.2131004366812226,2.409825327510917,2.249170305676856
2013,KEW,1751000.0,532.25,450.0,532.25,1.5806396344945746,1.1854797258709309,1.1064477441462022
2013,LARA,350000.0,311.75,325.0,311.75,4.631714285714286,3.473785714285714,3.2422
2013,MALVERN,1508500.0,599.25,407.5,599.25,2.0656943984090157,1.5492707988067618,1.4459860788863106
2013,MALVERN EAST,1200000.0,488.75,395.0,488.75,2.1179166666666664,1.5884375,1.4825416666666666
2013,MELTON,245000.0,250.0,270.0,250.0,5.3061224489795915,3.9795918367346936,3.7142857142857144
2013,MILDURA,225500.0,236.25,240.0,236.25,5.44789356984479,4.085920177383592,3.813525498891353
2013,MORWELL,160000.0,186.625,185.0,186.625,6.0653125,4.548984375,4.24571875
2013,MOUNT WAVERLEY,820000.0,385.625,412.5,385.625,2.4454268292682926,1.8340701219512194,1.7117987804878048
2013,NOBLE PARK,400000.0,309.125,300.0,309.125,4.018625,3.01396875,2.8130375
2013,NORTH BENDIGO,271000.0,265.0,280.0,265.0,5.084870848708487,3.8136531365313657,3.5594095940959405
2013,NORTH GEELONG,272500.0,288.25,295.0,288.25,5.500550458715597,4.125412844036697,3.850385321100917
2013,NORTHCOTE,820000.0,532.25,440.0,532.25,3.375243902439024,2.531432926829268,2.3626707317073166
2013,PAKENHAM,335000.0,293.125,302.5,293.125,4.55,3.4125,3.1850000000000005
2013,PORT MELBOURNE,995000.0,652.625,525.0,652.625,3.4107035175879394,2.558027638190955,2.387492462311558
2013,PORTLAND,235000.0,223.75,230.0,223.75,4.951063829787234,3.7132978723404255,3.4657446808510635
2013,PRESTON,632500.0,379.875,355.0,379.875,3.123083003952569,2.342312252964427,2.1861581027667985
2013,RESERVOIR,510000.0,316.875,320.0,316.875,3.2308823529411765,2.4231617647058825,2.2616176470588236
2013,RINGWOOD,552000.0,341.25,332.5,341.25,3.214673913043478,2.4110054347826084,2.2502717391304348
2013,ROWVILLE,570000.0,376.25,400.0,376.25,3.4324561403508773,2.574342105263158,2.402719298245614
2013,SEYMOUR,220000.0,226.25,215.5,226.25,5.347727272727273,4.0107954545454545,3.743409090909091
2013,SHEPPARTON,247000.0,240.0,250.0,240.0,5.052631578947368,3.7894736842105265,3.536842105263158
2013,SOUTH MELBOURNE,1030000.0,624.75,497.5,624.75,3.1540776699029127,2.3655582524271845,2.2078543689320385
2013,SOUTH YARRA,1352500.0,642.625,412.5,642.625,2.470720887245841,1.8530406654343807,1.7295046210720886
2013,SPRINGVALE,451500.0,308.25,320.0,308.25,3.5501661129568105,2.6626245847176078,2.4851162790697674
2013,ST KILDA,892000.0,591.875,380.0,591.875,3.4503923766816142,2.587794282511211,2.4152746636771303
2013,SUNBURY,355000.0,289.375,315.0,289.375,4.238732394366197,3.1790492957746475,2.9671126760563378
2013,SUNSHINE,435000.0,289.375,290.0,289.375,3.459195402298851,2.5943965517241376,2.4214367816091955
2013,SWAN HILL,225000.0,226.25,220.0,226.25,5.228888888888889,3.9216666666666664,3.6602222222222225
2013,SYDENHAM,425000.0,323.75,340.0,323.75,3.9611764705882355,2.9708823529411763,2.772823529411765
2013,THORNBURY,729000.0,468.125,330.0,468.125,3.3391632373113858,2.504372427983539,2.3374142661179698
2013,TOORAK,2875000.0,712.875,442.5,712.875,1.2893739130434783,0.9670304347826086,0.9025617391304346
2013,TORQUAY,580000.0,361.75,395.0,361.75,3.2432758620689657,2.432456896551724,2.2702931034482754
2013,TRARALGON,269000.0,248.125,257.5,248.125,4.796468401486989,3.597351301115242,3.357527881040892
2013,WARRAGUL,315000.0,253.75,270.0,253.75,4.188888888888889,3.141666666666667,2.9322222222222223
2013,WARRNAMBOOL,325000.0,281.25,280.0,281.25,4.5,3.375,3.15
2013,WEST FOOTSCRAY,553000.0,322.125,320.0,322.125,3.029023508137432,2.2717676311030743,2.120316455696202
2013,WHITTLESEA,375000.0,316.25,330.0,316.25,4.3853333333333335,3.289,3.069733333333333
2013,WILLIAMSTOWN,920000.0,488.125,450.0,488.125,2.7589673913043478,2.069225543478261,1.9312771739130434
2013,WODONGA,282500.0,258.5,270.0,258.5,4.7582300884955755,3.5686725663716814,3.3307610619469026
2014,ALTONA,646500.0,335.0,350.0,335.0,2.6945088940448567,2.0208816705336425,1.8861562258313997
2014,ARMADALE,1750000.0,695.0,392.5,695.0,2.065142857142857,1.5488571428571427,1.4456
2014,BAIRNSDALE,244000.0,258.5,262.5,258.5,5.509016393442623,4.131762295081967,3.8563114754098358
2014,BALWYN,1780000.0,454.375,462.5,454.375,1.3273876404494382,0.9955407303370787,0.9291713483146067
2014,BAYSWATER,525000.0,325.375,337.5,325.375,3.2227619047619047,2.4170714285714285,2.2559333333333336
2014,BENALLA,235500.0,221.25,227.5,221.25,4.885350318471337,3.6640127388535033,3.419745222929936
2014,BENDIGO,376500.0,274.125,272.5,274.125,3.78605577689243,2.8395418326693225,2.650239043824701
2014,BENTLEIGH,1050000.0,445.625,422.5,445.625,2.206904761904762,1.6551785714285714,1.544833333333333
2014,BERWICK,487500.0,334.375,360.0,334.375,3.5666666666666664,2.675,2.496666666666667
2014,BLACKBURN,936000.0,383.5,387.5,383.5,2.1305555555555555,1.5979166666666667,1.4913888888888889
2014,BORONIA,500500.0,331.625,340.0,331.625,3.4454545454545453,2.584090909090909,2.4118181818181816
2014,BOX HILL,1067000.0,390.75,378.5,390.75,1.9043111527647612,1.4282333645735708,1.3330178069353327
2014,BRIGHTON,1940000.0,656.625,600.0,656.625,1.7600257731958762,1.3200193298969072,1.2320180412371131
2014,BRIGHTON EAST,1300500.0,538.125,577.5,538.125,2.1516724336793542,1.6137543252595157,1.5061707035755478
2014,BRUNSWICK,812500.0,515.0,400.0,515.0,3.2960000000000003,2.472,2.3072
2014,CARLTON NORTH,1095000.0,592.5,515.0,592.5,2.813698630136986,2.1102739726027395,1.9695890410958903
2014,CARNEGIE,1007500.0,481.0,350.5,481.0,2.48258064516129,1.8619354838709676,1.737806451612903
2014,CASTLEMAINE,369500.0,301.25,300.0,301.25,4.2395128552097425,3.179634641407307,2.96765899864682
2014,CAULFIELD,1322000.0,518.125,397.5,518.125,2.0380105900151286,1.5285079425113466,1.42660741301059
2014,CHELTENHAM,774000.0,427.25,397.0,427.25,2.8704134366925067,2.15281007751938,2.0092894056847546
2014,CLAYTON,750000.0,363.25,360.0,363.25,2.5185333333333335,1.8889,1.762973333333333
2014,CORIO,242000.0,238.75,250.0,238.75,5.130165289256198,3.8476239669421486,3.591115702479339
2014,CRAIGIEBURN,362000.0,315.0,330.0,315.0,4.524861878453039,3.393646408839779,3.167403314917127
2014,CRANBOURNE,331500.0,312.25,345.0,312.25,4.898039215686274,3.673529411764706,3.428627450980392
2014,DANDENONG,439000.0,330.5,300.0,330.5,3.9148063781321185,2.936104783599089,2.7403644646924827
2014,EAST MELBOURNE,1850000.0,865.25,466.5,865.25,2.432054054054054,1.8240405405405404,1.7024378378378378
2014,ECHUCA,285000.0,270.75,269.0,270.75,4.9399999999999995,3.705,3.458
2014,ELSTERNWICK,1315000.0,553.25,397.5,553.25,2.1877566539923956,1.6408174904942965,1.5314296577946767
2014,ELWOOD,1412500.0,688.625,392.5,688.625,2.535115044247788,1.9013362831858407,1.7745805309734513
2014,ESSENDON,942000.0,389.375,350.0,389.375,2.149416135881104,1.6120621019108279,1.5045912951167728
2014,FERNTREE GULLY,505000.0,333.75,342.5,333.75,3.436633663366337,2.5774752475247524,2.405643564356436
2014,FITZROY,1130000.0,640.625,504.0,640.625,2.9480088495575223,2.2110066371681416,2.0636061946902653
2014,FOOTSCRAY,645000.0,383.125,330.0,383.125,3.0887596899224805,2.31656976744186,2.1621317829457363
2014,FRANKSTON,372000.0,306.625,302.5,306.625,4.286155913978495,3.2146169354838707,3.000309139784946
2014,HAMILTON,200000.0,230.625,231.0,230.625,5.99625,4.4971875,4.197375
2014,HAWTHORN,1606500.0,593.25,375.0,593.25,1.9202614379084968,1.4401960784313725,1.3441830065359477
2014,HORSHAM,215000.0,237.125,245.0,237.125,5.735116279069767,4.301337209302326,4.014581395348837
2014,KEILOR,633000.0,367.0,370.0,367.0,3.0148499210110584,2.261137440758294,2.110394944707741
2014,KEW,1950000.0,539.125,450.0,539.125,1.4376666666666666,1.0782500000000002,1.0063666666666666
2014,LARA,340000.0,304.75,321.5,304.75,4.660882352941177,3.4956617647058827,3.2626176470588235
2014,MALVERN,1946000.0,634.125,431.5,634.125,1.6944758478931141,1.2708568859198355,1.1861330935251797
2014,MALVERN EAST,1380000.0,488.75,400.0,488.75,1.8416666666666668,1.38125,1.2891666666666666
2014,MELTON,240000.0,258.75,277.5,258.75,5.60625,4.2046874999999995,3.924375
2014,MILDURA,245000.0,244.375,250.0,244.375,5.186734693877551,3.8900510204081633,3.630714285714286
2014,MORWELL,150000.0,188.25,187.5,188.25,6.526,4.8945,4.568199999999999
2014,MOUNT WAVERLEY,950000.0,395.0,420.0,395.0,2.1621052631578945,1.621578947368421,1.513473684210526
2014,NOBLE PARK,440000.0,311.375,305.0,311.375,3.6798863636363635,2.7599147727272726,2.575920454545454
2014,NORTH BENDIGO,280000.0,264.375,280.0,264.375,4.909821428571429,3.6823660714285715,3.4368750000000006
2014,NORTH GEELONG,301000.0,293.0,300.0,293.0,5.061794019933555,3.796345514950166,3.543255813953488
2014,NORTHCOTE,931500.0,536.0,450.0,536.0,2.992163177670424,2.2441223832528183,2.0945142243692967
2014,PAKENHAM,350000.0,296.25,312.5,296.25,4.401428571428571,3.301071428571429,3.081
2014,PORT MELBOURNE,917500.0,652.25,530.0,652.25,3.6966757493188016,2.7725068119891008,2.5876730245231605
2014,PORTLAND,210000.0,220.0,230.0,220.0,5.447619047619048,4.085714285714285,3.813333333333333
2014,PRESTON,690000.0,393.5,364.0,393.5,2.9655072463768115,2.2241304347826087,2.075855072463768
2014,RESERVOIR,541000.0,329.5,320.0,329.5,3.1670979667282806,2.3753234750462107,2.216968576709797
2014,RINGWOOD,660000.0,352.875,347.5,352.875,2.7802272727272728,2.0851704545454544,1.9461590909090907
2014,ROWVILLE,617500.0,378.75,400.0,378.75,3.189473684210526,2.3921052631578945,2.2326315789473683
2014,SEYMOUR,213000.0,232.5,220.0,232.5,5.676056338028169,4.257042253521127,3.973239436619718
2014,SHEPPARTON,243000.0,250.0,255.0,250.0,5.349794238683128,4.012345679012346,3.7448559670781894
2014,SOUTH MELBOURNE,1200000.0,655.0,500.0,655.0,2.8383333333333334,2.12875,1.9868333333333335
2014,SOUTH YARRA,1450000.0,691.875,407.5,691.875,2.481206896551724,1.8609051724137933,1.7368448275862067
2014,SPRINGVALE,530000.0,324.0,330.0,324.0,3.178867924528302,2.3841509433962265,2.225207547169811
2014,ST KILDA,1225000.0,596.25,380.0,596.25,2.5310204081632652,1.898265306122449,1.7717142857142858
2014,SUNBURY,360000.0,304.75,320.0,304.75,4.401944444444444,3.301458333333333,3.081361111111111
2014,SUNSHINE,483500.0,293.75,300.0,293.75,3.159255429162358,2.3694415718717683,2.2114788004136505
2014,SWAN HILL,230000.0,233.0,222.5,233.0,5.267826086956521,3.9508695652173915,3.6874782608695647
2014,SYDENHAM,415000.0,334.75,350.0,334.75,4.194457831325301,3.1458433734939755,2.9361204819277105
2014,THORNBURY,841000.0,474.375,340.0,474.375,2.933115338882283,2.1998365041617123,2.053180737217598
2014,TOORAK,3391000.0,745.375,450.0,745.375,1.1430109112356237,0.8572581834267177,0.8001076378649364
2014,TORQUAY,580000.0,374.75,400.0,374.75,3.359827586206897,2.519870689655172,2.3518793103448274
2014,TRARALGON,275000.0,263.75,262.5,263.75,4.987272727272727,3.7404545454545453,3.491090909090909
2014,WARRAGUL,320000.0,256.875,270.5,256.875,4.17421875,3.1306640625,2.921953125
2014,WARRNAMBOOL,323000.0,282.5,280.0,282.5,4.547987616099071,3.4109907120743035,3.1835913312693496
2014,WEST FOOTSCRAY,637500.0,340.875,330.0,340.875,2.780470588235294,2.0853529411764704,1.9463294117647059
2014,WHITTLESEA,375000.0,312.25,330.0,312.25,4.329866666666667,3.2474000000000003,3.0309066666666666
2014,WILLIAMSTOWN,970000.0,497.75,450.0,497.75,2.6683505154639175,2.0012628865979383,1.8678453608247423
2014,WODONGA,295000.0,275.375,280.0,275.375,4.8540677966101695,3.640550847457627,3.3978474576271185
2015,ALTONA,718000.0,340.625,357.5,340.625,2.4669220055710306,1.850191504178273,1.7268454038997214
2015,ARMADALE,2172500.0,720.375,400.0,720.375,1.724257767548907,1.29319332566168,1.2069804372842348
2015,BAIRNSDALE,246500.0,268.125,272.5,268.125,5.6561866125760645,4.242139959432048,3.9593306288032455
2015,BALWYN,2210000.0,458.0,495.0,458.0,1.0776470588235294,0.8082352941176472,0.7543529411764706
2015,BAYSWATER,632500.0,340.0,347.5,340.0,2.7952569169960473,2.0964426877470355,1.9566798418972333
2015,BENALLA,222500.0,231.0,230.0,231.0,5.398651685393259,4.048988764044944,3.7790561797752806
2015,BENDIGO,372000.0,280.0,280.0,280.0,3.913978494623656,2.935483870967742,2.739784946236559
2015,BENTLEIGH,1245000.0,448.75,430.0,448.75,1.8742971887550202,1.4057228915662652,1.312008032128514
2015,BERWICK,535000.0,338.5,367.5,338.5,3.290093457943925,2.467570093457944,2.3030654205607477
2015,BLACKBURN,1200500.0,379.75,390.0,379.75,1.6448979591836734,1.2336734693877551,1.1514285714285715
2015,BORONIA,592500.0,338.75,350.0,338.75,2.972995780590717,2.229746835443038,2.081097046413502
2015,BOX HILL,1350000.0,400.75,390.0,400.75,1.5436296296296297,1.157722222222222,1.0805407407407408
2015,BRIGHTON,2307500.0,666.25,635.0,666.25,1.5014084507042254,1.126056338028169,1.0509859154929577
2015,BRIGHTON EAST,1600000.0,563.5,600.0,563.5,1.831375,1.3735312499999999,1.2819625
2015,BRUNSWICK,861000.0,534.75,405.0,534.75,3.229616724738676,2.422212543554007,2.2607317073170727
2015,CARLTON NORTH,1177500.0,600.625,530.0,600.625,2.65244161358811,1.9893312101910827,1.8567091295116773
2015,CARNEGIE,1300000.0,474.0,362.5,474.0,1.8960000000000001,1.422,1.3272
2015,CASTLEMAINE,380000.0,305.5,300.0,305.5,4.180526315789473,3.135394736842105,2.9263684210526315
2015,CAULFIELD,1650000.0,533.875,400.0,533.875,1.6825151515151515,1.2618863636363638,1.177760606060606
2015,CHELTENHAM,867000.0,436.125,400.0,436.125,2.6157439446366784,1.9618079584775086,1.8310207612456746
2015,CLAYTON,976000.0,383.125,370.0,383.125,2.0412397540983607,1.5309298155737705,1.4288678278688525
2015,CORIO,240000.0,237.5,250.0,237.5,5.145833333333334,3.8593750000000004,3.6020833333333337
2015,CRAIGIEBURN,390000.0,316.25,330.0,316.25,4.216666666666667,3.1625,2.9516666666666667
2015,CRANBOURNE,360000.0,322.875,350.0,322.875,4.66375,3.4978124999999998,3.264625
2015,DANDENONG,485000.0,333.125,310.0,333.125,3.571649484536082,2.678737113402062,2.500154639175258
2015,EAST MELBOURNE,2750000.0,876.8333333333334,470.0,876.8333333333334,1.6580121212121213,1.243509090909091,1.160608484848485
2015,ECHUCA,300000.0,289.75,280.0,289.75,5.022333333333333,3.76675,3.515633333333333
2015,ELSTERNWICK,1621000.0,577.5,400.0,577.5,1.852560148056755,1.3894201110425664,1.2967921036397285
2015,ELWOOD,1631000.0,696.0,400.0,696.0,2.2190067443286328,1.6642550582464746,1.5533047210300428
2015,ESSENDON,1228000.0,402.0,357.5,402.0,1.7022801302931596,1.2767100977198698,1.1915960912052115
2015,FERNTREE GULLY,599000.0,348.75,350.0,348.75,3.0275459098497497,2.2706594323873124,2.119282136894825
2015,FITZROY,1297500.0,670.75,500.0,670.75,2.688169556840077,2.016127167630058,1.881718689788054
2015,FOOTSCRAY,690500.0,396.875,331.0,396.875,2.988776249094859,2.241582186821144,2.092143374366401
2015,FRANKSTON,426000.0,314.375,315.0,314.375,3.837441314553991,2.878080985915493,2.6862089201877932
2015,HAMILTON,200000.0,223.75,230.0,223.75,5.8175,4.363125,4.0722499999999995
2015,HAWTHORN,1916500.0,617.25,382.5,617.25,1.6747717192799372,1.256078789459953,1.172340203495956
2015,HORSHAM,240000.0,239.125,250.0,239.125,5.181041666666666,3.88578125,3.626729166666667
2015,KEILOR,703000.0,365.75,375.0,365.75,2.7054054054054055,2.029054054054054,1.8937837837837836
2015,KEW,2080000.0,550.125,472.5,550.125,1.3753125,1.031484375,0.9627187500000001
2015,LARA,348000.0,308.0,327.5,308.0,4.602298850574712,3.4517241379310346,3.2216091954022987
2015,MALVERN,2230000.0,679.125,450.0,679.125,1.583609865470852,1.187707399103139,1.1085269058295963
2015,MALVERN EAST,1610000.0,508.75,415.0,508.75,1.6431677018633541,1.2323757763975156,1.1502173913043479
2015,MELTON,255000.0,267.5,282.5,267.5,5.454901960784313,4.091176470588236,3.8184313725490195
2015,MILDURA,252000.0,255.625,260.0,255.625,5.274801587301587,3.9561011904761902,3.692361111111111
2015,MORWELL,151000.0,195.625,195.0,195.625,6.736754966887418,5.052566225165562,4.715728476821192
2015,MOUNT WAVERLEY,1267500.0,399.5,445.0,399.5,1.6389743589743588,1.2292307692307693,1.1472820512820512
2015,NOBLE PARK,510000.0,324.75,312.5,324.75,3.3111764705882356,2.4833823529411765,2.3178235294117644
2015,NORTH BENDIGO,286000.0,259.375,280.0,259.375,4.715909090909091,3.5369318181818183,3.3011363636363638
2015,NORTH GEELONG,335000.0,300.125,310.0,300.125,4.6586567164179105,3.4939925373134324,3.2610597014925373
2015,NORTHCOTE,1008500.0,561.0,450.0,561.0,2.8926127912741695,2.169459593455627,2.0248289538919186
2015,PAKENHAM,367000.0,305.375,320.0,305.375,4.326839237057221,3.2451294277929157,3.0287874659400544
2015,PORT MELBOURNE,1252500.0,660.125,545.0,660.125,2.7406387225548903,2.055479041916168,1.918447105788423
2015,PORTLAND,220000.0,220.375,230.0,220.375,5.2088636363636365,3.9066477272727274,3.6462045454545455
2015,PRESTON,791000.0,404.125,370.0,404.125,2.656700379266751,1.9925252844500634,1.8596902654867256
2015,RESERVOIR,615000.0,335.0,330.0,335.0,2.832520325203252,2.124390243902439,1.9827642276422763
2015,RINGWOOD,777500.0,359.5,360.0,359.5,2.4043729903536977,1.8032797427652731,1.6830610932475885
2015,ROWVILLE,710000.0,389.0,405.0,389.0,2.849014084507042,2.1367605633802818,1.9943098591549295
2015,SEYMOUR,225000.0,235.625,246.5,235.625,5.445555555555556,4.0841666666666665,3.811888888888889
2015,SHEPPARTON,250000.0,253.125,260.0,253.125,5.265000000000001,3.94875,3.6854999999999998
2015,SOUTH MELBOURNE,1310000.0,679.375,497.0,679.375,2.69675572519084,2.0225667938931298,1.8877290076335878
2015,SOUTH YARRA,1700000.0,706.0,422.5,706.0,2.159529411764706,1.6196470588235294,1.511670588235294
2015,SPRINGVALE,629500.0,335.125,343.0,335.125,2.768308181096108,2.076231135822081,1.9378157267672755
2015,ST KILDA,1164000.0,619.375,380.0,619.375,2.76696735395189,2.0752255154639174,1.9368771477663231
2015,SUNBURY,370000.0,312.5,330.0,312.5,4.391891891891892,3.2939189189189184,3.0743243243243246
2015,SUNSHINE,530500.0,305.0,310.0,305.0,2.989632422243167,2.242224316682375,2.092742695570217
2015,SWAN HILL,248000.0,239.375,229.0,239.375,5.019153225806452,3.7643649193548385,3.513407258064516
2015,SYDENHAM,440000.0,340.0,360.0,340.0,4.018181818181818,3.0136363636363637,2.8127272727272725
2015,THORNBURY,918000.0,497.625,350.0,497.625,2.8187908496732024,2.114093137254902,1.9731535947712417
2015,TOORAK,4000000.0,754.25,450.0,754.25,0.980525,0.7353937500000001,0.6863675
2015,TORQUAY,620000.0,376.875,422.5,376.875,3.1608870967741933,2.370665322580645,2.2126209677419353
2015,TRARALGON,273000.0,266.0,270.0,266.0,5.066666666666666,3.8,3.546666666666667
2015,WARRAGUL,342000.0,266.375,280.0,266.375,4.05014619883041,3.037609649122807,2.835102339181286
2015,WARRNAMBOOL,330000.0,286.25,285.0,286.25,4.510606060606061,3.3829545454545453,3.1574242424242422
2015,WEST FOOTSCRAY,697000.0,354.5,335.0,354.5,2.644763271162123,1.9835724533715924,1.8513342898134864
2015,WHITTLESEA,400000.0,315.625,340.0,315.625,4.1031249999999995,3.07734375,2.8721875
2015,WILLIAMSTOWN,1120000.0,513.5,450.0,513.5,2.384107142857143,1.7880803571428572,1.6688749999999999
2015,WODONGA,295000.0,280.625,287.5,280.625,4.946610169491525,3.7099576271186443,3.4626271186440674
2016,ALTONA,832500.0,345.0,370.0,345.0,2.154954954954955,1.6162162162162164,1.5084684684684686
2016,ARMADALE,2364000.0,717.0,400.0,717.0,1.5771573604060913,1.1828680203045685,1.1040101522842638
2016,BAIRNSDALE,255000.0,266.625,277.5,266.625,5.437058823529411,4.077794117647058,3.805941176470588
2016,BALWYN,2180000.0,474.75,500.0,474.75,1.1324311926605504,0.8493233944954128,0.7927018348623853
2016,BAYSWATER,693000.0,348.25,350.0,348.25,2.613131313131313,1.9598484848484847,1.8291919191919193
2016,BENALLA,231500.0,237.25,230.0,237.25,5.329157667386609,3.996868250539957,3.7304103671706264
2016,BENDIGO,400000.0,273.5,270.0,273.5,3.5555000000000003,2.666625,2.48885
2016,BENTLEIGH,1380000.0,461.25,442.5,461.25,1.7380434782608696,1.3035326086956522,1.2166304347826087
2016,BERWICK,583000.0,343.75,380.0,343.75,3.0660377358490565,2.2995283018867925,2.1462264150943393
2016,BLACKBURN,1241000.0,396.25,410.0,396.25,1.6603545527800163,1.2452659145850122,1.1622481869460113
2016,BORONIA,648500.0,349.125,350.0,349.125,2.799460292983809,2.0995952197378567,1.959622205088666
2016,BOX HILL,1360500.0,416.625,400.0,416.625,1.5923925027563395,1.1942943770672547,1.1146747519294378
2016,BRIGHTON,2740000.0,685.375,595.0,685.375,1.3007116788321167,0.9755337591240877,0.9104981751824818
2016,BRIGHTON EAST,1750000.0,574.25,634.0,574.25,1.7063428571428574,1.2797571428571428,1.19444
2016,BRUNSWICK,947000.0,547.5,420.0,547.5,3.0063357972544877,2.2547518479408657,2.1044350580781415
2016,CARLTON NORTH,1360000.0,589.5,530.0,589.5,2.253970588235294,1.6904779411764708,1.577779411764706
2016,CARNEGIE,1348500.0,500.0,380.0,500.0,1.92806822395254,1.4460511679644048,1.349647756766778
2016,CASTLEMAINE,410000.0,303.75,310.0,303.75,3.852439024390244,2.889329268292683,2.696707317073171
2016,CAULFIELD,1715000.0,547.5,415.0,547.5,1.6600583090379009,1.2450437317784258,1.1620408163265306
2016,CHELTENHAM,942500.0,453.5,420.0,453.5,2.5020689655172417,1.876551724137931,1.7514482758620689
2016,CLAYTON,1010500.0,387.5,377.5,387.5,1.9940623453735775,1.495546759030183,1.3958436417615043
2016,CORIO,250000.0,241.25,250.0,241.25,5.018000000000001,3.7635,3.5126
2016,CRAIGIEBURN,425000.0,325.5,342.5,325.5,3.9825882352941178,2.986941176470588,2.787811764705882
2016,CRANBOURNE,406000.0,328.75,362.5,328.75,4.210591133004926,3.157943349753695,2.9474137931034483
2016,DANDENONG,555500.0,337.875,320.0,337.875,3.162826282628263,2.372119711971197,2.213978397839784
2016,EAST MELBOURNE,3655000.0,1027.5,478.5,1027.5,1.4618331053351574,1.096374829001368,1.02328317373461
2016,ECHUCA,310000.0,300.375,287.5,300.375,5.038548387096775,3.7789112903225806,3.526983870967742
2016,ELSTERNWICK,1723500.0,580.75,395.0,580.75,1.7521903104148535,1.3141427328111401,1.2265332172903975
2016,ELWOOD,1841500.0,709.25,405.0,709.25,2.0027694814010317,1.5020771110507738,1.401938636980722
2016,ESSENDON,1365000.0,402.5,367.5,402.5,1.5333333333333332,1.15,1.0733333333333333
2016,FERNTREE GULLY,660000.0,359.125,370.0,359.125,2.829469696969697,2.1221022727272727,1.9806287878787878
2016,FITZROY,1600000.0,666.25,510.0,666.25,2.1653124999999998,1.623984375,1.51571875
2016,FOOTSCRAY,775000.0,422.875,350.0,422.875,2.837354838709677,2.128016129032258,1.9861483870967742
2016,FRANKSTON,474000.0,331.875,330.0,331.875,3.6408227848101262,2.730617088607595,2.5485759493670885
2016,HAMILTON,216000.0,224.375,230.0,224.375,5.40162037037037,4.051215277777778,3.781134259259259
2016,HAWTHORN,2245000.0,619.125,392.5,619.125,1.4340534521158128,1.0755400890868598,1.0038374164810688
2016,HORSHAM,245000.0,230.0,250.0,230.0,4.881632653061224,3.6612244897959183,3.4171428571428573
2016,KEILOR,805000.0,397.5,400.0,397.5,2.567701863354037,1.925776397515528,1.797391304347826
2016,KEW,2207500.0,575.75,475.0,575.75,1.3562400906002265,1.0171800679501697,0.9493680634201584
2016,LARA,355000.0,321.42857142857144,337.5,321.42857142857144,4.7082494969818915,3.5311871227364184,3.2957746478873235
2016,MALVERN,2332000.0,698.25,457.5,698.25,1.5569897084048028,1.167742281303602,1.089892795883362
2016,MALVERN EAST,1729000.0,521.0,425.0,521.0,1.5669172932330826,1.175187969924812,1.0968421052631576
2016,MELTON,280500.0,274.375,297.5,274.375,5.086452762923352,3.814839572192513,3.5605169340463454
2016,MILDURA,260000.0,262.0,270.0,262.0,5.24,3.93,3.6679999999999997
2016,MORWELL,153000.0,197.5,200.0,197.5,6.712418300653594,5.034313725490196,4.698692810457516
2016,MOUNT WAVERLEY,1265000.0,409.375,460.0,409.375,1.6828063241106719,1.262104743083004,1.1779644268774703
2016,NOBLE PARK,600000.0,332.25,323.5,332.25,2.8795,2.159625,2.01565
2016,NORTH BENDIGO,279000.0,261.25,280.0,261.25,4.869175627240143,3.651881720430108,3.4084229390681
2016,NORTH GEELONG,338500.0,301.0,310.0,301.0,4.623929098966027,3.46794682422452,3.2367503692762187
2016,NORTHCOTE,1190000.0,562.25,450.0,562.25,2.456890756302521,1.842668067226891,1.7198235294117645
2016,PAKENHAM,400000.0,310.625,330.0,310.625,4.038125,3.0285937499999998,2.8266875000000002
2016,PORT MELBOURNE,1380000.0,682.875,551.0,682.875,2.5731521739130434,1.9298641304347826,1.8012065217391304
2016,PORTLAND,220000.0,228.25,230.0,228.25,5.395,4.04625,3.7765
2016,PRESTON,882000.0,421.0,380.0,421.0,2.4820861678004533,1.8615646258503402,1.7374603174603174
2016,RESERVOIR,707500.0,346.25,340.0,346.25,2.5448763250883393,1.9086572438162543,1.7814134275618374
2016,RINGWOOD,837500.0,373.125,367.5,373.125,2.316716417910448,1.7375373134328358,1.6217014925373134
2016,ROWVILLE,778000.0,400.0,420.0,400.0,2.6735218508997427,2.005141388174807,1.87146529562982
2016,SEYMOUR,242500.0,246.25,250.0,246.25,5.2804123711340205,3.9603092783505156,3.6962886597938143
2016,SHEPPARTON,265000.0,260.625,262.5,260.625,5.1141509433962264,3.83561320754717,3.5799056603773582
2016,SOUTH MELBOURNE,1595000.0,688.75,500.0,688.75,2.2454545454545456,1.684090909090909,1.5718181818181818
2016,SOUTH YARRA,1890000.0,743.75,440.0,743.75,2.0462962962962963,1.5347222222222223,1.4324074074074074
2016,SPRINGVALE,685000.0,343.875,350.0,343.875,2.6104379562043794,1.9578284671532848,1.8273065693430655
2016,ST KILDA,1305000.0,632.0,397.5,632.0,2.5183141762452106,1.8887356321839082,1.7628199233716475
2016,SUNBURY,395000.0,314.125,330.0,314.125,4.135316455696202,3.101487341772152,2.8947215189873416
2016,SUNSHINE,675000.0,311.875,320.0,311.875,2.4025925925925926,1.8019444444444446,1.6818148148148149
2016,SWAN HILL,262500.0,240.625,240.0,240.625,4.766666666666667,3.5749999999999997,3.336666666666667
2016,SYDENHAM,505000.0,346.625,367.5,346.625,3.5692079207920795,2.6769059405940596,2.4984455445544556
2016,THORNBURY,1079500.0,512.625,365.0,512.625,2.4693376563223715,1.8520032422417787,1.72853635942566
2016,TOORAK,4900000.0,748.75,464.0,748.75,0.7945918367346939,0.5959438775510204,0.5562142857142858
2016,TORQUAY,665000.0,402.25,450.0,402.25,3.1454135338345868,2.3590601503759396,2.2017894736842103
2016,TRARALGON,268000.0,269.375,270.0,269.375,5.226679104477612,3.9200093283582085,3.6586753731343284
2016,WARRAGUL,340000.0,271.625,292.5,271.625,4.154264705882353,3.1156985294117647,2.907985294117647
2016,WARRNAMBOOL,320000.0,292.5,290.0,292.5,4.753125,3.5648437499999996,3.3271875
2016,WEST FOOTSCRAY,798000.0,367.0,355.0,367.0,2.3914786967418546,1.793609022556391,1.6740350877192982
2016,WHITTLESEA,448500.0,318.25,345.0,318.25,3.689855072463768,2.767391304347826,2.5828985507246376
2016,WILLIAMSTOWN,1282500.0,521.25,479.0,521.25,2.1134502923976606,1.5850877192982455,1.4794152046783626
2016,WODONGA,315000.0,275.0,290.0,275.0,4.5396825396825395,3.404761904761905,3.177777777777778
2017,ALTONA,950000.0,355.625,385.0,355.625,1.946578947368421,1.4599342105263158,1.3626052631578947
2017,ARMADALE,2300000.0,740.625,445.0,740.625,1.6744565217391305,1.255842391304348,1.1721195652173912
2017,BAIRNSDALE,272500.0,272.5,280.0,272.5,5.2,3.9,3.64
2017,BALWYN,2340000.0,478.875,500.0,478.875,1.0641666666666667,0.7981250000000001,0.7449166666666667
2017,BAYSWATER,800500.0,361.25,362.5,361.25,2.3466583385384134,1.7599937539038102,1.6426608369768896
2017,BENALLA,250000.0,245.0,240.0,245.0,5.096,3.8219999999999996,3.5672
2017,BENDIGO,400000.0,275.625,277.5,275.625,3.5831250000000003,2.68734375,2.5081875
2017,BENTLEIGH,1470000.0,482.25,465.0,482.25,1.7059183673469387,1.2794387755102041,1.194142857142857
2017,BERWICK,670000.0,354.25,390.0,354.25,2.7494029850746267,2.06205223880597,1.9245820895522385
2017,BLACKBURN,1410000.0,407.875,415.0,407.875,1.5042198581560284,1.1281648936170212,1.0529539007092197
2017,BORONIA,735000.0,354.125,365.0,354.125,2.505374149659864,1.879030612244898,1.7537619047619049
2017,BOX HILL,1752500.0,425.625,417.5,425.625,1.262910128388017,0.9471825962910128,0.8840370898716119
2017,BRIGHTON,3050000.0,737.75,606.5,737.75,1.2578032786885245,0.9433524590163934,0.8804622950819672
2017,BRIGHTON EAST,1890000.0,587.75,650.0,587.75,1.6170899470899471,1.2128174603174602,1.1319629629629628
2017,BRUNSWICK,1200000.0,569.125,445.0,569.125,2.4662083333333333,1.84965625,1.7263458333333332
2017,CARLTON NORTH,1628000.0,624.75,545.0,624.75,1.9955159705159704,1.496636977886978,1.3968611793611792
2017,CARNEGIE,1510000.0,504.25,402.0,504.25,1.7364900662251654,1.3023675496688742,1.2155430463576156
2017,CASTLEMAINE,435000.0,310.625,319.0,310.625,3.713218390804598,2.784913793103448,2.5992528735632185
2017,CAULFIELD,1885000.0,561.875,445.0,561.875,1.55,1.1625,1.085
2017,CHELTENHAM,1170000.0,473.125,447.5,473.125,2.102777777777778,1.5770833333333334,1.4719444444444445
2017,CLAYTON,1250000.0,397.875,397.5,397.875,1.65516,1.2413699999999999,1.158612
2017,CORIO,305000.0,248.5,257.5,248.5,4.236721311475409,3.1775409836065576,2.965704918032787
2017,CRAIGIEBURN,502500.0,336.25,350.0,336.25,3.4796019900497512,2.6097014925373134,2.435721393034826
2017,CRANBOURNE,510000.0,338.5,377.5,338.5,3.451372549019608,2.5885294117647057,2.415960784313725
2017,DANDENONG,620000.0,345.375,332.5,345.375,2.8966935483870966,2.1725201612903224,2.0276854838709677
2017,EAST MELBOURNE,3585000.0,807.8571428571429,496.5,807.8571428571429,1.1717872086072922,0.8788404064554692,0.8202510460251046
2017,ECHUCA,320000.0,299.75,296.5,299.75,4.8709375,3.653203125,3.40965625
2017,ELSTERNWICK,2087500.0,593.125,420.0,593.125,1.4774850299401197,1.1081137724550898,1.0342395209580837
2017,ELWOOD,1900000.0,717.125,420.0,717.125,1.9626578947368423,1.4719934210526315,1.3738605263157895
2017,ESSENDON,1400000.0,422.875,390.0,422.875,1.5706785714285716,1.1780089285714286,1.099475
2017,FERNTREE GULLY,749000.0,364.875,385.0,364.875,2.533177570093458,1.8998831775700935,1.7732242990654203
2017,FITZROY,1625000.0,673.875,530.0,673.875,2.1564,1.6173,1.50948
2017,FOOTSCRAY,883500.0,441.875,362.5,441.875,2.6007357102433506,1.9505517826825125,1.8205149971703452
2017,FRANKSTON,600000.0,347.875,343.0,347.875,3.0149166666666667,2.2611875,2.1104416666666665
2017,HAMILTON,190000.0,225.625,230.0,225.625,6.175,4.63125,4.3225
2017,HAWTHORN,2650000.0,633.875,400.0,633.875,1.2438301886792453,0.9328726415094339,0.8706811320754716
2017,HORSHAM,262500.0,243.5,260.0,243.5,4.823619047619047,3.617714285714286,3.3765333333333336
2017,KEILOR,845000.0,400.0,400.0,400.0,2.4615384615384617,1.8461538461538463,1.723076923076923
2017,KEW,2317500.0,583.125,486.5,583.125,1.3084142394822007,0.9813106796116504,0.9158899676375405
2017,LARA,430000.0,324.75,350.0,324.75,3.9272093023255814,2.945406976744186,2.749046511627907
2017,MALVERN,2750000.0,688.75,460.0,688.75,1.3023636363636364,0.9767727272727273,0.9116545454545455
2017,MALVERN EAST,1824000.0,529.0,447.5,529.0,1.5081140350877194,1.1310855263157895,1.0556798245614034
2017,MELTON,369000.0,280.625,315.0,280.625,3.954607046070461,2.9659552845528454,2.7682249322493226
2017,MILDURA,264000.0,272.375,280.0,272.375,5.3649621212121215,4.023721590909091,3.7554734848484843
2017,MORWELL,170000.0,206.625,200.0,206.625,6.320294117647059,4.740220588235294,4.4242058823529415
2017,MOUNT WAVERLEY,1416000.0,420.125,465.0,420.125,1.5428319209039547,1.157123940677966,1.0799823446327683
2017,NOBLE PARK,680000.0,339.375,335.0,339.375,2.595220588235294,1.9464154411764707,1.8166544117647059
2017,NORTH BENDIGO,302000.0,266.25,280.0,266.25,4.5844370860927155,3.4383278145695364,3.2091059602649006
2017,NORTH GEELONG,422000.0,310.375,321.5,310.375,3.824526066350711,2.868394549763033,2.677168246445498
2017,NORTHCOTE,1325000.0,596.875,465.0,596.875,2.3424528301886793,1.7568396226415095,1.6397169811320753
2017,PAKENHAM,470000.0,316.25,340.0,316.25,3.4989361702127657,2.6242021276595744,2.449255319148936
2017,PORT MELBOURNE,1485000.0,691.0,570.0,691.0,2.4196632996633,1.814747474747475,1.6937643097643098
2017,PORTLAND,230000.0,222.5,235.0,222.5,5.030434782608696,3.7728260869565218,3.521304347826087
2017,PRESTON,996000.0,434.375,397.5,434.375,2.2678212851405624,1.7008659638554215,1.5874748995983936
2017,RESERVOIR,812500.0,359.75,350.0,359.75,2.3024,1.7268,1.61168
2017,RINGWOOD,910500.0,381.875,380.0,381.875,2.180944535969248,1.6357084019769357,1.5266611751784733
2017,ROWVILLE,867000.0,415.0,440.0,415.0,2.489042675893887,1.866782006920415,1.7423298731257209
2017,SEYMOUR,277000.0,261.625,255.0,261.625,4.911371841155235,3.683528880866426,3.437960288808664
2017,SHEPPARTON,261000.0,268.125,270.0,268.125,5.341954022988506,4.00646551724138,3.739367816091954
2017,SOUTH MELBOURNE,1532500.0,695.375,512.5,695.375,2.359510603588907,1.7696329526916803,1.6516574225122347
2017,SOUTH YARRA,2040000.0,758.75,452.5,758.75,1.9340686274509804,1.4505514705882354,1.3538480392156862
2017,SPRINGVALE,750000.0,363.125,367.5,363.125,2.5176666666666665,1.88825,1.7623666666666666
2017,ST KILDA,1551000.0,655.375,407.5,655.375,2.1972598323662154,1.6479448742746614,1.5380818826563507
2017,SUNBURY,492000.0,322.875,345.0,322.875,3.4125,2.5593749999999997,2.38875
2017,SUNSHINE,765000.0,327.5,332.5,327.5,2.2261437908496733,1.6696078431372547,1.5583006535947712
2017,SWAN HILL,252000.0,246.375,245.0,246.375,5.083928571428571,3.8129464285714287,3.5587499999999994
2017,SYDENHAM,590000.0,356.0,380.0,356.0,3.137627118644068,2.353220338983051,2.1963389830508473
2017,THORNBURY,1230000.0,530.625,382.5,530.625,2.243292682926829,1.682469512195122,1.5703048780487803
2017,TOORAK,5100000.0,792.5,485.0,792.5,0.8080392156862746,0.6060294117647058,0.565627450980392
2017,TORQUAY,720000.0,424.375,460.0,424.375,3.0649305555555553,2.298697916666667,2.1454513888888886
2017,TRARALGON,288500.0,268.5,277.5,268.5,4.839514731369151,3.629636048526863,3.3876603119584057
2017,WARRAGUL,365000.0,284.125,305.0,284.125,4.047808219178082,3.0358561643835618,2.8334657534246572
2017,WARRNAMBOOL,330000.0,298.5,290.0,298.5,4.703636363636363,3.527727272727273,3.292545454545454
2017,WEST FOOTSCRAY,887500.0,392.25,365.0,392.25,2.2982535211267607,1.7236901408450702,1.6087774647887323
2017,WHITTLESEA,469500.0,327.125,355.0,327.125,3.6231096911608094,2.717332268370607,2.536176783812566
2017,WILLIAMSTOWN,1440000.0,533.5,487.5,533.5,1.9265277777777776,1.4448958333333333,1.3485694444444443
2017,WODONGA,341500.0,278.75,300.0,278.75,4.244509516837482,3.1833821376281115,2.971156661786237
2018,ALTONA,932500.0,369.375,400.0,369.375,2.0597855227882036,1.544839142091153,1.4418498659517427
2018,ARMADALE,2341500.0,777.5,487.5,777.5,1.7266709374332692,1.2950032030749519,1.2086696562032884
2018,BAIRNSDALE,279000.0,275.0,290.0,275.0,5.125448028673835,3.8440860215053765,3.5878136200716844
2018,BALWYN,2420000.0,489.375,520.0,489.375,1.0515495867768594,0.7886621900826446,0.7360847107438017
2018,BAYSWATER,753000.0,372.5,380.0,372.5,2.5723771580345285,1.9292828685258965,1.80066401062417
2018,BENALLA,284000.0,255.0,250.0,255.0,4.669014084507042,3.5017605633802815,3.2683098591549298
2018,BENDIGO,400000.0,282.5,285.0,282.5,3.6725,2.754375,2.5707500000000003
2018,BENTLEIGH,1394000.0,502.25,487.5,502.25,1.8735294117647059,1.4051470588235293,1.311470588235294
2018,BERWICK,690000.0,358.125,400.0,358.125,2.698913043478261,2.0241847826086956,1.8892391304347826
2018,BLACKBURN,1370500.0,419.125,430.0,419.125,1.5902590295512589,1.1926942721634441,1.113181320685881
2018,BORONIA,742500.0,370.375,382.5,370.375,2.5938720538720537,1.9454040404040405,1.8157104377104376
2018,BOX HILL,1700500.0,433.5,450.0,433.5,1.3256101146721553,0.9942075860041165,0.9279270802705087
2018,BRIGHTON,2888000.0,756.375,650.0,756.375,1.3618940443213297,1.0214205332409971,0.9533258310249306
2018,BRIGHTON EAST,1880000.0,594.125,682.5,594.125,1.6433244680851062,1.2324933510638298,1.1503271276595743
2018,BRUNSWICK,1100000.0,595.375,455.0,595.375,2.8145,2.110875,1.9701499999999996
2018,CARLTON NORTH,1445000.0,665.625,566.0,665.625,2.3953287197231834,1.7964965397923873,1.6767301038062283
2018,CARNEGIE,1445000.0,496.25,420.0,496.25,1.7858131487889273,1.3393598615916955,1.2500692041522492
2018,CASTLEMAINE,499000.0,324.5,327.5,324.5,3.3815631262525048,2.536172344689379,2.367094188376753
2018,CAULFIELD,1701000.0,590.625,460.0,590.625,1.8055555555555554,1.3541666666666667,1.2638888888888888
2018,CHELTENHAM,1105000.0,487.0,450.0,487.0,2.2917647058823527,1.7188235294117646,1.604235294117647
2018,CLAYTON,1255000.0,411.375,410.0,411.375,1.7045019920318725,1.2783764940239044,1.1931513944223107
2018,CORIO,370000.0,263.125,272.5,263.125,3.697972972972973,2.7734797297297296,2.588581081081081
2018,CRAIGIEBURN,546500.0,350.375,375.0,350.375,3.3338517840805126,2.5003888380603843,2.3336962488563584
2018,CRANBOURNE,540000.0,340.0,380.0,340.0,3.2740740740740746,2.4555555555555557,2.291851851851852
2018,DANDENONG,640000.0,360.125,343.0,360.125,2.926015625,2.1945117187500003,2.0482109375
2018,ECHUCA,365000.0,306.875,300.0,306.875,4.371917808219178,3.2789383561643834,3.0603424657534246
2018,ELSTERNWICK,1970000.0,639.75,425.0,639.75,1.6886802030456851,1.266510152284264,1.1820761421319796
2018,ELWOOD,2140000.0,744.5,435.0,744.5,1.8090654205607477,1.3567990654205606,1.2663457943925231
2018,ESSENDON,1691000.0,431.875,400.0,431.875,1.32806031933767,0.9960452395032525,0.9296422235363689
2018,FERNTREE GULLY,732500.0,370.625,400.0,370.625,2.631058020477816,1.9732935153583617,1.8417406143344708
2018,FITZROY,1450000.0,728.5,560.0,728.5,2.612551724137931,1.9594137931034483,1.8287862068965515
2018,FOOTSCRAY,899000.0,463.75,382.5,463.75,2.682424916573971,2.0118186874304786,1.8776974416017798
2018,FRANKSTON,605000.0,360.625,357.5,360.625,3.0995867768595042,2.324690082644628,2.169710743801653
2018,HAMILTON,225000.0,240.625,240.0,240.625,5.561111111111111,4.170833333333333,3.8927777777777774
2018,HAWTHORN,2506500.0,656.0,420.0,656.0,1.3609415519648913,1.0207061639736685,0.9526590863754238
2018,HORSHAM,255000.0,262.25,262.5,262.25,5.347843137254902,4.010882352941176,3.7434901960784313
2018,KEILOR,817000.0,433.75,440.0,433.75,2.7607099143206857,2.070532435740514,1.9324969400244796
2018,KEW,2380000.0,589.375,500.0,589.375,1.2877100840336135,0.96578256302521,0.9013970588235294
2018,LARA,515000.0,336.875,371.5,336.875,3.401456310679612,2.5510922330097086,2.381019417475728
2018,MALVERN,2661000.0,726.0,482.5,726.0,1.4187147688838782,1.0640360766629087,0.9931003382187147
2018,MALVERN EAST,1900000.0,540.625,460.0,540.625,1.4796052631578949,1.1097039473684212,1.0357236842105262
2018,MELTON,415000.0,296.25,330.0,296.25,3.712048192771084,2.7840361445783133,2.598433734939759
2018,MILDURA,281500.0,278.75,281.5,278.75,5.149200710479573,3.8619005328596803,3.6044404973357014
2018,MORWELL,167000.0,210.5,210.0,210.5,6.554491017964072,4.915868263473054,4.58814371257485
2018,MOUNT WAVERLEY,1320000.0,430.375,485.0,430.375,1.6954166666666666,1.2715625,1.1867916666666667
2018,NOBLE PARK,680000.0,351.0,350.0,351.0,2.6841176470588235,2.0130882352941177,1.8788823529411764
2018,NORTH BENDIGO,310000.0,275.625,290.0,275.625,4.623387096774194,3.467540322580645,3.2363709677419354
2018,NORTH GEELONG,495000.0,328.75,340.0,328.75,3.453535353535354,2.5901515151515153,2.4174747474747473
2018,NORTHCOTE,1345000.0,626.25,497.5,626.25,2.421189591078067,1.8158921933085503,1.694832713754647
2018,PAKENHAM,520000.0,325.625,350.0,325.625,3.25625,2.4421874999999997,2.279375
2018,PORT MELBOURNE,1488000.0,702.5,607.5,702.5,2.45497311827957,1.8412298387096775,1.718481182795699
2018,PORTLAND,234500.0,241.625,250.0,241.625,5.357995735607676,4.018496801705758,3.750597014925373
2018,PRESTON,980000.0,460.375,417.5,460.375,2.4428061224489794,1.832104591836735,1.7099642857142854
2018,RESERVOIR,790000.0,378.75,370.0,378.75,2.4930379746835443,1.8697784810126583,1.745126582278481
2018,RINGWOOD,896500.0,391.25,392.5,391.25,2.2693809258226434,1.7020356943669828,1.5885666480758505
2018,ROWVILLE,838000.0,425.0,447.5,425.0,2.6372315035799523,1.9779236276849643,1.8460620525059663
2018,SEYMOUR,295000.0,271.42857142857144,272.5,271.42857142857144,4.784503631961259,3.5883777239709445,3.349152542372881
2018,SHEPPARTON,275000.0,271.0,277.5,271.0,5.124363636363636,3.843272727272727,3.5870545454545453
2018,SOUTH MELBOURNE,1465000.0,696.0,522.5,696.0,2.470443686006826,1.8528327645051195,1.729310580204778
2018,SOUTH YARRA,1851000.0,775.875,470.0,775.875,2.1796596434359805,1.6347447325769853,1.5257617504051864
2018,SPRINGVALE,780000.0,369.875,380.0,369.875,2.4658333333333333,1.849375,1.7260833333333332
2018,ST KILDA,1755000.0,671.625,420.0,671.625,1.9900000000000002,1.4925000000000002,1.3929999999999998
2018,SUNBURY,546000.0,338.75,361.5,338.75,3.2261904761904763,2.419642857142857,2.2583333333333333
2018,SUNSHINE,742000.0,336.25,345.0,336.25,2.356469002695418,1.7673517520215634,1.6495283018867923
2018,SWAN HILL,267000.0,247.5,250.0,247.5,4.820224719101124,3.615168539325843,3.3741573033707866
2018,SYDENHAM,620000.0,363.75,395.0,363.75,3.050806451612903,2.2881048387096774,2.135564516129032
2018,THORNBURY,1137500.0,558.75,415.0,558.75,2.5542857142857143,1.915714285714286,1.788
2018,TOORAK,4700000.0,876.0,500.0,876.0,0.9691914893617022,0.7268936170212766,0.6784340425531914
2018,TORQUAY,810000.0,431.875,487.5,431.875,2.772530864197531,2.0793981481481483,1.9407716049382715
2018,TRARALGON,298000.0,272.875,280.0,272.875,4.761577181208054,3.57118288590604,3.3331040268456373
2018,WARRAGUL,449000.0,297.625,322.5,297.625,3.446881959910913,2.5851614699331846,2.412817371937639
2018,WARRNAMBOOL,350000.0,307.375,300.0,307.375,4.566714285714286,3.4250357142857144,3.1966999999999994
2018,WEST FOOTSCRAY,875000.0,398.5,380.0,398.5,2.3682285714285713,1.7761714285714287,1.6577599999999997
2018,WHITTLESEA,577500.0,340.625,372.5,340.625,3.067099567099567,2.3003246753246755,2.146969696969697
2018,WILLIAMSTOWN,1415000.0,562.25,502.5,562.25,2.066219081272085,1.5496643109540635,1.4463533568904592
2018,WODONGA,350000.0,293.875,300.0,293.875,4.366142857142857,3.274607142857143,3.0563
2019,ALTONA,890000.0,373.75,400.0,373.75,2.183707865168539,1.6377808988764044,1.5285955056179774
2019,ARMADALE,2490000.0,775.75,480.0,775.75,1.6200401606425705,1.2150301204819276,1.1340281124497993
2019,BAIRNSDALE,274000.0,291.375,300.0,291.375,5.5297445255474456,4.147308394160584,3.8708211678832116
2019,BALWYN,2377500.0,490.375,539.0,490.375,1.072534174553102,0.8044006309148265,0.7507739221871713
2019,BAYSWATER,720000.0,378.125,390.0,378.125,2.730902777777778,2.0481770833333335,1.9116319444444443
2019,BENALLA,290000.0,280.625,290.0,280.625,5.031896551724138,3.7739224137931036,3.522327586206896
2019,BENDIGO,420000.0,304.125,307.5,304.125,3.7653571428571424,2.824017857142857,2.63575
2019,BENTLEIGH,1376000.0,502.875,500.0,502.875,1.9003997093023257,1.4252997819767441,1.3302797965116278
2019,BERWICK,670000.0,353.125,395.0,353.125,2.7406716417910446,2.0555037313432836,1.9184701492537315
2019,BLACKBURN,1305000.0,429.375,447.5,429.375,1.7109195402298851,1.2831896551724138,1.1976436781609194
2019,BORONIA,680000.0,373.5,390.0,373.5,2.856176470588235,2.1421323529411764,1.9993235294117646
2019,BOX HILL,1545000.0,440.375,460.0,440.375,1.482168284789644,1.111626213592233,1.0375177993527507
2019,BRIGHTON,2675000.0,747.25,650.0,747.25,1.4525981308411215,1.0894485981308413,1.016818691588785
2019,BRIGHTON EAST,1700000.0,594.375,700.0,594.375,1.8180882352941174,1.3635661764705882,1.2726617647058824
2019,BRUNSWICK,1037500.0,611.375,470.0,611.375,3.0642409638554216,2.2981807228915665,2.144968674698795
2019,CARLTON NORTH,1555000.0,683.0,580.0,683.0,2.2839871382636656,1.7129903536977493,1.5987909967845655
2019,CARNEGIE,1313500.0,524.75,435.0,524.75,2.077426722497145,1.5580700418728588,1.4541987057480013
2019,CASTLEMAINE,520000.0,334.125,330.0,334.125,3.3412499999999996,2.5059375,2.338875
2019,CAULFIELD,1762500.0,596.0,480.0,596.0,1.7584113475177305,1.3188085106382978,1.2308879432624111
2019,CHELTENHAM,1035000.0,502.0,462.5,502.0,2.522125603864734,1.8915942028985506,1.7654879227053137
2019,CLAYTON,1158000.0,428.5,420.0,428.5,1.9241796200345422,1.4431347150259068,1.3469257340241796
2019,CORIO,351500.0,280.0,287.5,280.0,4.142247510668564,3.1066856330014225,2.899573257467994
2019,CRAIGIEBURN,525000.0,359.625,386.5,359.625,3.562,2.6715,2.4934
2019,CRANBOURNE,500000.0,349.125,385.0,349.125,3.6309,2.723175,2.54163
2019,DANDENONG,601000.0,366.0,350.0,366.0,3.1667221297836936,2.3750415973377703,2.216705490848586
2019,EAST MELBOURNE,3090000.0,926.0,520.0,926.0,1.55831715210356,1.16873786407767,1.090822006472492
2019,ECHUCA,372500.0,311.625,317.5,311.625,4.3502013422818795,3.2626510067114096,3.045140939597315
2019,ELSTERNWICK,1825000.0,656.75,450.0,656.75,1.871287671232877,1.4034657534246575,1.3099013698630135
2019,ELWOOD,1950000.0,733.5,450.0,733.5,1.9560000000000002,1.467,1.3692
2019,ESSENDON,1450000.0,442.875,410.0,442.875,1.588241379310345,1.1911810344827587,1.1117689655172414
2019,FERNTREE GULLY,692000.0,375.625,400.0,375.625,2.822615606936416,2.116961705202312,1.9758309248554915
2019,FITZROY,1400000.0,752.25,592.5,752.25,2.7940714285714283,2.0955535714285713,1.9558499999999999
2019,FOOTSCRAY,812000.0,478.75,390.0,478.75,3.0658866995073892,2.299415024630542,2.1461206896551723
2019,FRANKSTON,581000.0,366.875,360.0,366.875,3.283562822719449,2.462672117039587,2.2984939759036145
2019,HAMILTON,209500.0,253.125,261.5,253.125,6.282816229116945,4.712112171837709,4.397971360381861
2019,HAWTHORN,2200000.0,655.5,430.0,655.5,1.5493636363636365,1.1620227272727273,1.0845545454545453
2019,HORSHAM,269000.0,267.625,274.0,267.625,5.173420074349442,3.8800650557620817,3.6213940520446095
2019,KEILOR,836500.0,415.0,435.0,415.0,2.579796772265391,1.9348475791990436,1.8058577405857739
2019,KEW,2310000.0,586.625,514.0,586.625,1.3205411255411255,0.9904058441558441,0.9243787878787877
2019,LARA,495000.0,348.75,390.0,348.75,3.663636363636363,2.747727272727273,2.5645454545454545
2019,MALVERN,2570000.0,739.75,496.5,739.75,1.4967704280155643,1.1225778210116732,1.047739299610895
2019,MALVERN EAST,1789000.0,561.625,495.0,561.625,1.6324482951369481,1.224336221352711,1.1427138065958635
2019,MELTON,385000.0,312.25,340.0,312.25,4.2174025974025975,3.1630519480519483,2.9521818181818182
2019,MILDURA,310000.0,293.75,300.0,293.75,4.927419354838709,3.6955645161290325,3.4491935483870964
2019,MORWELL,179000.0,218.125,222.5,218.125,6.33659217877095,4.752444134078212,4.435614525139664
2019,MOUNT WAVERLEY,1270500.0,445.375,515.0,445.375,1.8228650137741047,1.3671487603305785,1.2760055096418732
2019,NOBLE PARK,625500.0,356.875,360.0,356.875,2.9668265387689847,2.2251199040767387,2.076778577138289
2019,NORTH BENDIGO,325000.0,283.75,300.0,283.75,4.54,3.405,3.1780000000000004
2019,NORTH GEELONG,500000.0,340.0,350.0,340.0,3.5360000000000005,2.6519999999999997,2.4752
2019,NORTHCOTE,1305000.0,629.75,500.0,629.75,2.5093486590038316,1.8820114942528734,1.756544061302682
2019,PAKENHAM,485000.0,334.125,352.5,334.125,3.5823711340206184,2.686778350515464,2.5076597938144327
2019,PORT MELBOURNE,1400000.0,731.875,615.0,731.875,2.7183928571428573,2.038794642857143,1.902875
2019,PORTLAND,266000.0,265.625,267.5,265.625,5.192669172932331,3.8945018796992485,3.634868421052632
2019,PRESTON,940000.0,468.125,424.0,468.125,2.589627659574468,1.942220744680851,1.8127393617021277
2019,RESERVOIR,754000.0,385.625,380.0,385.625,2.6594827586206895,1.9946120689655171,1.8616379310344828
2019,RINGWOOD,801000.0,401.875,400.0,401.875,2.60892634207241,1.9566947565543071,1.8262484394506864
2019,ROWVILLE,815500.0,425.0,450.0,425.0,2.709993868792152,2.032495401594114,1.8969957081545061
2019,SEYMOUR,300000.0,286.25,285.0,286.25,4.961666666666667,3.7212500000000004,3.4731666666666667
2019,SHEPPARTON,282000.0,276.25,285.0,276.25,5.093971631205674,3.820478723404255,3.5657801418439714
2019,SOUTH MELBOURNE,1355000.0,737.5,545.0,737.5,2.830258302583026,2.1226937269372694,1.981180811808118
2019,SOUTH YARRA,1850000.0,772.25,485.0,772.25,2.1706486486486485,1.6279864864864866,1.519454054054054
2019,SPRINGVALE,746500.0,379.25,392.5,379.25,2.641795043536504,1.9813462826523778,1.8492565304755526
2019,ST KILDA,1600000.0,665.0,430.0,665.0,2.16125,1.6209375000000001,1.512875
2019,SUNBURY,533500.0,352.875,377.5,352.875,3.4394564198687907,2.579592314901593,2.407619493908154
2019,SUNSHINE,720000.0,350.375,355.0,350.375,2.530486111111111,1.8978645833333332,1.7713402777777776
2019,SWAN HILL,285000.0,269.25,260.0,269.25,4.9126315789473685,3.684473684210526,3.4388421052631575
2019,SYDENHAM,595000.0,371.25,400.0,371.25,3.24453781512605,2.433403361344538,2.271176470588235
2019,THORNBURY,1150000.0,577.5,422.5,577.5,2.611304347826087,1.9584782608695652,1.8279130434782611
2019,TOORAK,4600000.0,834.625,500.0,834.625,0.9434891304347826,0.7076168478260869,0.6604423913043478
2019,TORQUAY,815000.0,429.125,500.0,429.125,2.7379754601226995,2.0534815950920247,1.9165828220858896
2019,TRARALGON,326500.0,281.875,287.5,281.875,4.489280245022971,3.366960183767228,3.142496171516079
2019,WARRAGUL,460000.0,311.0,347.5,311.0,3.5156521739130433,2.6367391304347825,2.4609565217391305
2019,WARRNAMBOOL,370000.0,323.125,325.0,323.125,4.541216216216217,3.405912162162162,3.1788513513513514
2019,WEST FOOTSCRAY,785000.0,412.5,395.0,412.5,2.732484076433121,2.049363057324841,1.9127388535031844
2019,WHITTLESEA,581000.0,348.125,380.0,348.125,3.115748709122203,2.3368115318416525,2.181024096385542
2019,WILLIAMSTOWN,1350000.0,575.625,517.5,575.625,2.217222222222222,1.6629166666666668,1.5520555555555555
2019,WODONGA,331500.0,303.75,320.0,303.75,4.764705882352941,3.573529411764706,3.3352941176470585
2020,ALTONA,914000.0,377.5,400.0,377.5,2.147702407002188,1.6107768052516414,1.5033916849015319
2020,ARMADALE,2625000.0,769.5,500.0,769.5,1.524342857142857,1.143257142857143,1.06704
2020,BAIRNSDALE,290000.0,299.5,305.0,299.5,5.370344827586207,4.027758620689656,3.7592413793103447
2020,BALWYN,2260000.0,504.75,550.0,504.75,1.1613716814159292,0.8710287610619469,0.8129601769911503
2020,BAYSWATER,745500.0,379.375,390.0,379.375,2.6462105969148224,1.9846579476861168,1.8523474178403756
2020,BENALLA,302000.0,300.375,300.0,300.375,5.172019867549669,3.8790149006622516,3.6204139072847683
2020,BENDIGO,500000.0,334.75,335.0,334.75,3.4814,2.6110499999999996,2.43698
2020,BENTLEIGH,1510000.0,504.375,500.0,504.375,1.7369205298013244,1.3026903973509933,1.2158443708609272
2020,BERWICK,700000.0,358.5,400.0,358.5,2.663142857142857,1.9973571428571428,1.8641999999999999
2020,BLACKBURN,1405000.0,428.5,435.5,428.5,1.5859074733096086,1.1894306049822063,1.1101352313167259
2020,BORONIA,715000.0,376.25,395.0,376.25,2.7363636363636363,2.0522727272727272,1.9154545454545455
2020,BOX HILL,1512500.0,445.375,455.0,445.375,1.531206611570248,1.1484049586776859,1.0718446280991734
2020,BRIGHTON,3148500.0,760.5,681.5,760.5,1.2560266793711292,0.9420200095283469,0.8792186755597903
2020,BRIGHTON EAST,1950000.0,608.25,737.5,608.25,1.6219999999999999,1.2165000000000001,1.1354
2020,BRUNSWICK,1100000.0,611.25,480.0,611.25,2.8895454545454546,2.1671590909090908,2.0226818181818182
2020,CARLTON NORTH,1500000.0,686.625,590.0,686.625,2.3803,1.785225,1.66621
2020,CARNEGIE,1420000.0,541.375,437.5,541.375,1.9825,1.486875,1.3877499999999998
2020,CASTLEMAINE,556500.0,346.25,350.0,346.25,3.2353998203054806,2.4265498652291106,2.2647798742138363
2020,CAULFIELD,1818500.0,593.125,477.5,593.125,1.6960406928787461,1.2720305196590598,1.1872284850151225
2020,CHELTENHAM,1130000.0,509.5,470.0,509.5,2.3446017699115043,1.7584513274336282,1.641221238938053
2020,CLAYTON,1055000.0,427.5,425.0,427.5,2.1071090047393364,1.5803317535545023,1.4749763033175354
2020,CORIO,390000.0,292.75,300.0,292.75,3.9033333333333338,2.9274999999999998,2.7323333333333326
2020,CRAIGIEBURN,560000.0,360.0,390.0,360.0,3.3428571428571425,2.507142857142857,2.34
2020,CRANBOURNE,510000.0,352.5,390.0,352.5,3.594117647058823,2.695588235294118,2.5158823529411767
2020,DANDENONG,630000.0,367.25,350.0,367.25,3.0312698412698413,2.273452380952381,2.121888888888889
2020,EAST MELBOURNE,2862500.0,1118.75,540.0,1118.75,2.032314410480349,1.524235807860262,1.4226200873362447
2020,ECHUCA,412000.0,328.625,339.0,328.625,4.147694174757281,3.1107706310679615,2.903385922330097
2020,ELSTERNWICK,2081000.0,616.0,450.0,616.0,1.5392599711677077,1.1544449783757809,1.0774819798173954
2020,ELWOOD,2110000.0,734.25,450.0,734.25,1.809526066350711,1.3571445497630332,1.2666682464454975
2020,ESSENDON,1520000.0,447.875,415.0,447.875,1.532203947368421,1.1491529605263158,1.0725427631578945
2020,FERNTREE GULLY,750000.0,391.0,420.0,391.0,2.710933333333333,2.0332,1.8976533333333334
2020,FITZROY,1400000.0,763.75,567.5,763.75,2.8367857142857145,2.127589285714286,1.98575
2020,FOOTSCRAY,863500.0,472.5,395.0,472.5,2.8453966415749856,2.134047481181239,1.9917776491024899
2020,FRANKSTON,621500.0,369.125,370.0,369.125,3.0884151246983107,2.316311343523733,2.1618905872888172
2020,HAMILTON,255000.0,264.375,270.0,264.375,5.391176470588236,4.043382352941176,3.773823529411765
2020,HAWTHORN,2525000.0,674.125,432.5,674.125,1.3882970297029702,1.0412227722772278,0.9718079207920791
2020,HORSHAM,260000.0,279.75,280.0,279.75,5.595,4.19625,3.9164999999999996
2020,KEILOR,885000.0,405.0,410.0,405.0,2.3796610169491523,1.7847457627118641,1.6657627118644065
2020,KEW,2251500.0,587.875,520.0,587.875,1.3577392849211638,1.0183044636908727,0.9504174994448145
2020,LARA,535000.0,360.375,400.0,360.375,3.5027102803738317,2.627032710280374,2.4518971962616822
2020,MALVERN,2865000.0,742.625,475.0,742.625,1.347870855148342,1.0109031413612566,0.9435095986038394
2020,MALVERN EAST,1895000.0,571.25,470.0,571.25,1.56754617414248,1.1756596306068603,1.097282321899736
2020,MELTON,390000.0,310.0,347.5,310.0,4.133333333333333,3.1,2.893333333333333
2020,MILDURA,337000.0,301.875,310.0,301.875,4.658011869436201,3.493508902077151,3.2606083086053417
2020,MORWELL,200000.0,232.25,230.0,232.25,6.0385,4.528875,4.22695
2020,MOUNT WAVERLEY,1300000.0,440.25,505.0,440.25,1.7610000000000001,1.32075,1.2327
2020,NOBLE PARK,675000.0,364.375,360.0,364.375,2.807037037037037,2.105277777777778,1.964925925925926
2020,NORTH BENDIGO,374000.0,300.125,317.5,300.125,4.172860962566845,3.129645721925134,2.9210026737967913
2020,NORTH GEELONG,550500.0,350.0,355.0,350.0,3.306085376930064,2.4795640326975477,2.3142597638510445
2020,NORTHCOTE,1411000.0,646.125,500.0,646.125,2.381183557760454,1.7858876683203402,1.6668284904323174
2020,PAKENHAM,525000.0,335.625,352.5,335.625,3.3242857142857143,2.4932142857142856,2.327
2020,PORT MELBOURNE,1600000.0,706.25,595.0,706.25,2.2953125,1.721484375,1.60671875
2020,PORTLAND,295000.0,300.0,300.0,300.0,5.288135593220339,3.9661016949152543,3.7016949152542376
2020,PRESTON,1026000.0,474.625,422.5,474.625,2.405506822612086,1.8041301169590642,1.68385477582846
2020,RESERVOIR,795000.0,395.625,382.5,395.625,2.587735849056604,1.940801886792453,1.8114150943396226
2020,RINGWOOD,900000.0,402.625,412.5,402.625,2.326277777777778,1.744708333333333,1.6283944444444445
2020,ROWVILLE,838000.0,433.75,450.0,433.75,2.691527446300716,2.0186455847255367,1.884069212410501
2020,SEYMOUR,325000.0,295.0,300.0,295.0,4.72,3.54,3.304
2020,SHEPPARTON,310000.0,290.625,295.0,290.625,4.875,3.65625,3.4125
2020,SOUTH MELBOURNE,1580000.0,748.5,521.5,748.5,2.4634177215189874,1.8475632911392406,1.7243924050632908
2020,SOUTH YARRA,2059000.0,769.5,485.5,769.5,1.9433705682370084,1.457527926177756,1.3603593977659056
2020,SPRINGVALE,785000.0,384.25,397.5,384.25,2.5453503184713377,1.9090127388535032,1.7817452229299362
2020,ST KILDA,1330000.0,676.75,425.0,676.75,2.6459398496240603,1.984454887218045,1.852157894736842
2020,SUNBURY,570000.0,357.5,372.5,357.5,3.2614035087719295,2.4460526315789473,2.282982456140351
2020,SUNSHINE,750000.0,358.75,360.0,358.75,2.4873333333333334,1.8655000000000002,1.7411333333333334
2020,SWAN HILL,319500.0,290.0,275.0,290.0,4.719874804381847,3.5399061032863854,3.3039123630672926
2020,SYDENHAM,635000.0,372.5,400.0,372.5,3.0503937007874016,2.2877952755905513,2.1352755905511813
2020,THORNBURY,1252500.0,595.0,420.0,595.0,2.470259481037924,1.852694610778443,1.729181636726547
2020,TOORAK,5500000.0,799.125,522.5,799.125,0.7555363636363636,0.5666522727272727,0.5288754545454545
2020,TORQUAY,870000.0,439.75,500.0,439.75,2.6283908045977014,1.971293103448276,1.839873563218391
2020,TRARALGON,340000.0,301.625,305.0,301.625,4.613088235294118,3.4598161764705884,3.2291617647058826
2020,WARRAGUL,498000.0,319.75,355.0,319.75,3.3387550200803218,2.504066265060241,2.337128514056225
2020,WARRNAMBOOL,415000.0,337.5,340.0,337.5,4.228915662650603,3.171686746987952,2.9602409638554215
2020,WEST FOOTSCRAY,835000.0,422.625,400.0,422.625,2.631916167664671,1.9739371257485028,1.8423413173652692
2020,WHITTLESEA,610000.0,355.625,390.0,355.625,3.0315573770491806,2.273668032786885,2.122090163934426
2020,WILLIAMSTOWN,1402500.0,573.25,525.0,573.25,2.1254188948306596,1.5940641711229946,1.4877932263814615
2020,WODONGA,348000.0,309.375,330.0,309.375,4.622844827586206,3.4671336206896552,3.2359913793103448
2021,ALTONA,1162500.0,370.625,400.0,370.625,1.6578494623655915,1.2433870967741936,1.160494623655914
2021,ARMADALE,2700000.0,776.625,425.0,776.625,1.4957222222222222,1.1217916666666665,1.0470055555555555
2021,BAIRNSDALE,350000.0,326.625,330.0,326.625,4.852714285714286,3.6395357142857145,3.3969
2021,BALWYN,2750000.0,490.0,520.0,490.0,0.9265454545454546,0.6949090909090909,0.6485818181818181
2021,BAYSWATER,870000.0,389.75,400.0,389.75,2.3295402298850574,1.7471551724137933,1.6306781609195402
2021,BENALLA,394000.0,335.0,330.0,335.0,4.4213197969543145,3.3159898477157363,3.0949238578680203
2021,BENDIGO,600000.0,356.25,350.0,356.25,3.0875,2.315625,2.16125
2021,BENTLEIGH,1742500.0,519.375,490.0,519.375,1.5499282639885223,1.1624461979913916,1.0849497847919656
2021,BERWICK,812000.0,370.625,410.0,370.625,2.373460591133005,1.7800954433497538,1.6614224137931035
2021,BLACKBURN,1639500.0,426.375,420.0,426.375,1.3523330283623056,1.014249771271729,0.9466331198536139
2021,BORONIA,845000.0,386.0,395.0,386.0,2.375384615384615,1.7815384615384615,1.6627692307692308
2021,BOX HILL,1630500.0,430.625,400.0,430.625,1.3733517325973628,1.030013799448022,0.9613462128181538
2021,BRIGHTON,3515000.0,768.625,653.0,768.625,1.1370839260312944,0.8528129445234709,0.795958748221906
2021,BRIGHTON EAST,2265000.0,633.75,700.0,633.75,1.4549668874172186,1.091225165562914,1.018476821192053
2021,BRUNSWICK,1350000.0,608.75,420.0,608.75,2.3448148148148147,1.7586111111111111,1.6413703703703704
2021,CARLTON NORTH,1712000.0,666.25,575.0,666.25,2.0236565420560746,1.5177424065420562,1.4165595794392523
2021,CARNEGIE,1776000.0,493.875,395.0,493.875,1.4460304054054054,1.084522804054054,1.0122212837837838
2021,CASTLEMAINE,680500.0,368.75,375.0,368.75,2.8177810433504775,2.1133357825128583,1.9724467303453346
2021,CAULFIELD,2060000.0,577.25,400.0,577.25,1.457135922330097,1.0928519417475728,1.0199951456310679
2021,CHELTENHAM,1306000.0,515.0,460.0,515.0,2.050535987748851,1.5379019908116387,1.435375191424196
2021,CLAYTON,1200000.0,412.0,400.0,412.0,1.7853333333333332,1.3390000000000002,1.2497333333333334
2021,CORIO,457000.0,303.125,305.0,303.125,3.449124726477024,2.5868435448577682,2.414387308533917
2021,CRAIGIEBURN,616000.0,362.875,390.0,362.875,3.0632305194805194,2.2974228896103894,2.1442613636363634
2021,CRANBOURNE,618000.0,362.25,400.0,362.25,3.048058252427184,2.2860436893203886,2.1336407766990293
2021,DANDENONG,700000.0,378.75,350.0,378.75,2.8135714285714286,2.1101785714285715,1.9695
2021,EAST MELBOURNE,3300000.0,940.0,450.0,940.0,1.4812121212121212,1.1109090909090908,1.036848484848485
2021,ECHUCA,467500.0,336.875,358.0,336.875,3.7470588235294118,2.8102941176470586,2.6229411764705883
2021,ELSTERNWICK,2175000.0,661.375,433.0,661.375,1.5812183908045976,1.1859137931034482,1.1068528735632184
2021,ELWOOD,2216500.0,761.625,420.0,761.625,1.7868035190615836,1.3401026392961877,1.2507624633431085
2021,ESSENDON,1750000.0,446.625,400.0,446.625,1.3271142857142857,0.9953357142857142,0.9289799999999999
2021,FERNTREE GULLY,865000.0,387.5,420.0,387.5,2.329479768786127,1.7471098265895955,1.6306358381502892
2021,FITZROY,1520000.0,712.5,535.0,712.5,2.4375,1.828125,1.70625
2021,FOOTSCRAY,962500.0,469.125,365.0,469.125,2.534493506493506,1.9008701298701298,1.7741454545454542
2021,FRANKSTON,750000.0,393.75,380.0,393.75,2.73,2.0475,1.9109999999999998
2021,HAMILTON,339000.0,289.375,280.0,289.375,4.438790560471976,3.329092920353982,3.1071533923303836
2021,HAWTHORN,2900000.0,672.375,380.0,672.375,1.2056379310344827,0.904228448275862,0.8439465517241378
2021,HORSHAM,345000.0,296.625,300.0,296.625,4.4708695652173915,3.353152173913043,3.129608695652174
2021,KEILOR,1070500.0,410.0,420.0,410.0,1.9915927136851939,1.4936945352638955,1.3941148995796355
2021,KEW,2780000.0,586.625,475.0,586.625,1.0972841726618705,0.8229631294964028,0.7680989208633092
2021,LARA,682500.0,366.25,420.0,366.25,2.7904761904761903,2.092857142857143,1.9533333333333334
2021,MALVERN,3001000.0,714.75,450.0,714.75,1.238487170943019,0.9288653782072642,0.8669410196601132
2021,MALVERN EAST,2112500.0,547.25,410.0,547.25,1.347076923076923,1.0103076923076924,0.9429538461538459
2021,MELTON,455000.0,312.5,350.0,312.5,3.571428571428571,2.6785714285714284,2.5
2021,MILDURA,380000.0,313.5,330.0,313.5,4.29,3.2175000000000002,3.0029999999999997
2021,MORWELL,275000.0,256.875,250.0,256.875,4.857272727272727,3.6429545454545456,3.400090909090909
2021,MOUNT WAVERLEY,1511000.0,431.125,498.0,431.125,1.4836863004632694,1.112764725347452,1.0385804103242884
2021,NOBLE PARK,751000.0,364.375,360.0,364.375,2.522969374167776,1.8922270306258322,1.7660785619174435
2021,NORTH BENDIGO,460500.0,327.5,345.0,327.5,3.698154180238871,2.773615635179153,2.5887079261672095
2021,NORTH GEELONG,597500.0,368.75,373.0,368.75,3.2092050209205016,2.4069037656903767,2.2464435146443513
2021,NORTHCOTE,1653000.0,643.5,490.0,643.5,2.0243194192377496,1.5182395644283122,1.4170235934664246
2021,PAKENHAM,600000.0,347.25,365.0,347.25,3.0095,2.2571250000000003,2.1066499999999997
2021,PORT MELBOURNE,1802500.0,668.5,590.0,668.5,1.9285436893203882,1.4464077669902913,1.3499805825242719
2021,PORTLAND,370000.0,339.375,350.0,339.375,4.769594594594595,3.577195945945946,3.3387162162162163
2021,PRESTON,1251000.0,477.5,400.0,477.5,1.9848121502797762,1.4886091127098322,1.3893685051958433
2021,RESERVOIR,945000.0,391.625,380.0,391.625,2.154973544973545,1.6162301587301586,1.5084814814814815
2021,RINGWOOD,1018000.0,414.125,410.0,414.125,2.1153732809430257,1.586529960707269,1.4807612966601178
2021,ROWVILLE,1000000.0,438.6,460.0,438.6,2.28072,1.71054,1.596504
2021,SEYMOUR,390000.0,316.25,300.0,316.25,4.216666666666667,3.1625,2.9516666666666667
2021,SHEPPARTON,370000.0,304.125,310.0,304.125,4.274189189189189,3.205641891891892,2.9919324324324323
2021,SOUTH MELBOURNE,1710000.0,666.75,430.0,666.75,2.0275438596491226,1.520657894736842,1.4192807017543858
2021,SOUTH YARRA,2353000.0,739.125,400.0,739.125,1.633425414364641,1.2250690607734807,1.1433977900552486
2021,SPRINGVALE,855000.0,383.875,390.0,383.875,2.3346783625730994,1.7510087719298246,1.6342748538011695
2021,ST KILDA,1705500.0,642.0,375.0,642.0,1.9574318381706244,1.4680738786279683,1.3702022867194372
2021,SUNBURY,645000.0,364.375,380.0,364.375,2.937596899224806,2.203197674418605,2.0563178294573645
2021,SUNSHINE,870000.0,354.5,350.0,354.5,2.118850574712644,1.5891379310344826,1.4831954022988505
2021,SWAN HILL,362000.0,306.25,300.0,306.25,4.399171270718232,3.299378453038674,3.0794198895027622
2021,SYDENHAM,690000.0,380.375,400.0,380.375,2.866594202898551,2.1499456521739133,2.0066159420289855
2021,THORNBURY,1500000.0,596.25,400.0,596.25,2.067,1.5502500000000001,1.4468999999999999
2021,TOORAK,6340000.0,807.875,500.0,807.875,0.6626104100946373,0.4969578075709779,0.46382728706624604
2021,TORQUAY,1200000.0,483.5,550.0,483.5,2.0951666666666666,1.5713749999999997,1.4666166666666665
2021,TRARALGON,408000.0,333.125,340.0,333.125,4.245710784313726,3.1842830882352944,2.9719975490196076
2021,WARRAGUL,580000.0,340.0,380.0,340.0,3.0482758620689654,2.2862068965517244,2.133793103448276
2021,WARRNAMBOOL,520000.0,367.5,360.0,367.5,3.675,2.75625,2.5725000000000002
2021,WEST FOOTSCRAY,1051500.0,422.375,395.0,422.375,2.088777936281503,1.566583452211127,1.4621445553970518
2021,WHITTLESEA,675000.0,360.75,390.0,360.75,2.779111111111111,2.0843333333333334,1.9453777777777779
2021,WILLIAMSTOWN,1592500.0,562.875,500.0,562.875,1.8379591836734692,1.378469387755102,1.2865714285714285
2021,WODONGA,439500.0,335.625,350.0,335.625,3.97098976109215,2.9782423208191124,2.779692832764505
2022,ALTONA,1125000.0,381.25,407.5,381.25,1.7622222222222224,1.3216666666666665,1.2335555555555555
2022,ARMADALE,2735500.0,786.125,450.0,786.125,1.4943703162127582,1.1207777371595686,1.0460592213489306
2022,BAIRNSDALE,447500.0,361.0,375.0,361.0,4.19486033519553,3.146145251396648,2.9364022346368714
2022,BALWYN,2862000.0,518.875,550.0,518.875,0.9427498252969951,0.7070623689727463,0.6599248777078965
2022,BAYSWATER,871000.0,412.75,420.0,412.75,2.464179104477612,1.848134328358209,1.724925373134328
2022,BENALLA,452750.0,376.25,375.0,376.25,4.3213694091662065,3.2410270568746546,3.0249585864163446
2022,BENDIGO,698450.0,375.625,377.5,375.625,2.7965495024697544,2.0974121268523156,1.9575846517288282
2022,BENTLEIGH,1739000.0,540.625,500.5,540.625,1.6165899942495687,1.2124424956871767,1.131612995974698
2022,BERWICK,846250.0,396.625,445.0,396.625,2.4371639586410634,1.8278729689807975,1.7060147710487445
2022,BLACKBURN,1482250.0,436.25,445.0,436.25,1.5304435823916342,1.1478326867937256,1.0713105076741438
2022,BORONIA,810000.0,404.75,417.5,404.75,2.5983950617283953,1.9487962962962964,1.8188765432098766
2022,BOX HILL,1667250.0,448.875,425.0,448.875,1.4000000000000001,1.05,0.98
2022,BRIGHTON,3353750.0,790.375,672.5,790.375,1.2254789414834142,0.9191092061125606,0.8578352590383898
2022,BRIGHTON EAST,2262000.0,633.875,750.0,633.875,1.457183908045977,1.0928879310344828,1.020028735632184
2022,BRUNSWICK,1315000.0,615.0,440.0,615.0,2.431939163498099,1.8239543726235743,1.7023574144486693
2022,CARLTON NORTH,1610000.0,685.875,597.5,685.875,2.215248447204969,1.661436335403727,1.5506739130434781
2022,CARNEGIE,1647500.0,548.125,397.5,548.125,1.7300455235204855,1.2975341426403642,1.21103186646434
2022,CASTLEMAINE,728750.0,405.625,399.0,405.625,2.8943396226415095,2.1707547169811323,2.0260377358490564
2022,CAULFIELD,2009500.0,595.375,430.0,595.375,1.540656879820851,1.155492659865638,1.0784598158745955
2022,CHELTENHAM,1305000.0,532.625,490.0,532.625,2.1223371647509577,1.5917528735632185,1.4856360153256705
2022,CLAYTON,1154000.0,426.875,422.5,426.875,1.923526863084922,1.4426451473136914,1.3464688041594453
2022,CORIO,521650.0,329.375,335.0,329.375,3.2833317358382055,2.462498801878654,2.2983322150867442
2022,CRAIGIEBURN,646250.0,372.75,405.0,372.75,2.9993036750483557,2.249477756286267,2.099512572533849
2022,CRANBOURNE,645600.0,386.25,435.0,386.25,3.1110594795539033,2.3332946096654275,2.1777416356877324
2022,DANDENONG,710000.0,390.625,360.0,390.625,2.8609154929577465,2.14568661971831,2.0026408450704225
2022,EAST MELBOURNE,2681250.0,1068.75,487.5,1068.75,2.0727272727272728,1.5545454545454545,1.450909090909091
2022,ECHUCA,538750.0,370.125,385.0,370.125,3.572436194895592,2.6793271461716937,2.500705336426914
2022,ELSTERNWICK,2220000.0,702.0,445.0,702.0,1.6443243243243244,1.2332432432432432,1.1510270270270269
2022,ELWOOD,2490000.0,776.0,425.0,776.0,1.620562248995984,1.215421686746988,1.1343935742971887
2022,ESSENDON,1790500.0,455.0,400.0,455.0,1.3214185981569393,0.9910639486177045,0.9249930187098576
2022,FERNTREE GULLY,878000.0,419.6666666666667,437.5,419.6666666666667,2.485497342444951,1.864123006833713,1.7398481397114653
2022,FITZROY,1481250.0,744.25,545.0,744.25,2.6127257383966245,1.9595443037974682,1.828908016877637
2022,FOOTSCRAY,1021700.0,478.75,375.0,478.75,2.4366252324557114,1.8274689243417834,1.7056376627189977
2022,FRANKSTON,737250.0,419.125,425.0,419.125,2.956188538487623,2.217141403865717,2.0693319769413363
2022,HAMILTON,352500.0,314.75,320.0,314.75,4.643120567375886,3.482340425531915,3.25018439716312
2022,HAWTHORN,2630000.0,695.375,380.0,695.375,1.3748859315589355,1.0311644486692015,0.9624201520912546
2022,HORSHAM,407000.0,320.375,335.0,320.375,4.0932432432432435,3.0699324324324326,2.86527027027027
2022,KEILOR,1005000.0,441.25,450.0,441.25,2.283084577114428,1.712313432835821,1.5981592039800991
2022,KEW,2917500.0,622.0,497.5,622.0,1.1086203941730934,0.8314652956298201,0.7760342759211654
2022,LARA,700000.0,398.57142857142856,455.0,398.57142857142856,2.960816326530612,2.2206122448979593,2.0725714285714285
2022,MALVERN,2842500.0,735.75,460.0,735.75,1.3459630606860158,1.009472295514512,0.9421741424802111
2022,MALVERN EAST,2345750.0,560.375,440.0,560.375,1.2422253010764148,0.9316689758073111,0.8695577107534902
2022,MELTON,485000.0,316.125,355.0,316.125,3.3893814432989693,2.5420360824742265,2.372567010309278
2022,MILDURA,427500.0,333.5,345.0,333.5,4.056608187134502,3.042456140350877,2.8396257309941517
2022,MORWELL,330000.0,296.875,295.0,296.875,4.678030303030304,3.5085227272727275,3.274621212121212
2022,MOUNT WAVERLEY,1482250.0,448.5,510.0,448.5,1.5734187890032045,1.1800640917524035,1.101393152302243
2022,NOBLE PARK,736750.0,384.75,377.5,384.75,2.715575161180862,2.0366813708856464,1.900902612826603
2022,NORTH BENDIGO,512000.0,362.5,385.0,362.5,3.6816406250000004,2.76123046875,2.5771484375
2022,NORTH GEELONG,690150.0,396.25,405.0,396.25,2.9855828443092083,2.239187133231906,2.0899079910164455
2022,NORTHCOTE,1666250.0,659.75,490.0,659.75,2.0589347336834205,1.5442010502625658,1.4412543135783944
2022,PAKENHAM,646000.0,370.625,395.0,370.625,2.983359133126935,2.2375193498452015,2.0883513931888547
2022,PORT MELBOURNE,1610500.0,695.375,600.0,695.375,2.2452343992548895,1.6839257994411674,1.571664079478423
2022,PORTLAND,445000.0,354.375,355.0,354.375,4.141011235955056,3.105758426966292,2.8987078651685394
2022,PRESTON,1125000.0,483.875,415.0,483.875,2.2365777777777778,1.677433333333333,1.5656044444444444
2022,RESERVOIR,931000.0,390.625,385.0,390.625,2.1817937701396346,1.6363453276047262,1.5272556390977443
2022,RINGWOOD,991500.0,430.0,425.0,430.0,2.2551689359556226,1.691376701966717,1.5786182551689356
2022,ROWVILLE,1065000.0,461.0,495.0,461.0,2.250892018779343,1.688169014084507,1.5756244131455397
2022,SEYMOUR,447500.0,354.75,352.5,354.75,4.122234636871509,3.0916759776536313,2.885564245810056
2022,SHEPPARTON,428500.0,330.375,350.0,330.375,4.009218203033839,3.006913652275379,2.806452742123687
2022,SOUTH MELBOURNE,1958750.0,714.125,470.0,714.125,1.8958264199106574,1.4218698149329931,1.32707849393746
2022,SOUTH YARRA,2118150.0,786.25,430.0,786.25,1.930222127800203,1.4476665958501522,1.351155489460142
2022,SPRINGVALE,885500.0,400.625,400.0,400.625,2.352625635234331,1.764469226425748,1.6468379446640313
2022,ST KILDA,1805000.0,676.625,387.5,676.625,1.9492797783933518,1.461959833795014,1.3644958448753461
2022,SUNBURY,667500.0,375.375,400.0,375.375,2.9242696629213483,2.1932022471910115,2.046988764044944
2022,SUNSHINE,858750.0,359.375,360.0,359.375,2.1761280931586606,1.6320960698689955,1.5232896652110626
2022,SWAN HILL,395750.0,316.875,305.0,316.875,4.163613392293114,3.122710044219836,2.91452937460518
2022,SYDENHAM,696400.0,384.375,412.5,384.375,2.870117748420448,2.152588311315336,2.0090824238943137
2022,THORNBURY,1452500.0,603.125,400.0,603.125,2.1592082616179002,1.619406196213425,1.51144578313253
2022,TOORAK,6207500.0,828.125,506.5,828.125,0.693717277486911,0.5202879581151832,0.4856020942408376
2022,TORQUAY,1310000.0,541.875,600.0,541.875,2.1509541984732823,1.6132156488549618,1.5056679389312977
2022,TRARALGON,482000.0,362.875,379.5,362.875,3.9148340248962654,2.936125518672199,2.740383817427386
2022,WARRAGUL,648000.0,371.0,410.0,371.0,2.9771604938271605,2.2328703703703705,2.084012345679012
2022,WARRNAMBOOL,616000.0,411.25,410.0,411.25,3.4715909090909087,2.6036931818181817,2.430113636363636
2022,WEST FOOTSCRAY,954000.0,425.0,402.5,425.0,2.3165618448637315,1.7374213836477987,1.6215932914046118
2022,WHITTLESEA,722500.0,375.0,415.0,375.0,2.698961937716263,2.0242214532871974,1.8892733564013842
2022,WILLIAMSTOWN,1749000.0,573.5,520.0,573.5,1.705088622069754,1.2788164665523156,1.1935620354488279
2022,WODONGA,517000.0,369.75,395.0,369.75,3.718955512572534,2.7892166344294003,2.6032688588007735
2023,ALTONA,1135000.0,416.25,460.0,416.25,1.9070484581497797,1.4302863436123348,1.3349339207048456
2023,ARMADALE,2517500.0,858.25,512.5,858.25,1.7727507447864947,1.329563058589871,1.2409255213505461
2023,BAIRNSDALE,435000.0,385.625,410.0,385.625,4.6097701149425285,3.4573275862068966,3.2268390804597704
2023,BALWYN,2985000.0,559.5,622.5,559.5,0.9746733668341709,0.7310050251256281,0.6822713567839196
2023,BAYSWATER,871000.0,440.75,460.0,440.75,2.6313432835820896,1.9735074626865672,1.8419402985074627
2023,BENALLA,430000.0,385.0,397.5,385.0,4.655813953488372,3.491860465116279,3.2590697674418605
2023,BENDIGO,540000.0,402.5,397.5,402.5,3.8759259259259258,2.906944444444444,2.713148148148148
2023,BENTLEIGH,1690000.0,576.0,575.0,576.0,1.7723076923076926,1.3292307692307692,1.2406153846153845
2023,BERWICK,855000.0,443.75,492.5,443.75,2.698830409356725,2.0241228070175437,1.8891812865497075
2023,BLACKBURN,1600000.0,485.0,490.0,485.0,1.57625,1.1821875000000002,1.103375
2023,BORONIA,855000.0,447.5,455.0,447.5,2.7216374269005845,2.0412280701754386,1.905146198830409
2023,BOX HILL,1680000.0,491.875,520.0,491.875,1.522470238095238,1.1418526785714285,1.0657291666666668
2023,BRIGHTON,3200000.0,844.25,755.0,844.25,1.37190625,1.0289296875,0.960334375
2023,BRIGHTON EAST,2425000.0,663.875,795.0,663.875,1.4235670103092783,1.0676752577319588,0.9964969072164949
2023,BRUNSWICK,1300000.0,661.25,525.0,661.25,2.645,1.9837500000000001,1.8515
2023,CARLTON NORTH,1480000.0,731.0,640.0,731.0,2.5683783783783785,1.9262837837837838,1.7978648648648647
2023,CARNEGIE,1675000.0,595.75,465.0,595.75,1.8494925373134328,1.3871194029850746,1.2946447761194029
2023,CASTLEMAINE,720000.0,423.875,425.0,423.875,3.0613194444444445,2.2959895833333333,2.142923611111111
2023,CAULFIELD,1928500.0,660.625,537.5,660.625,1.7813067150635207,1.3359800362976406,1.2469147005444647
2023,CHELTENHAM,1342000.0,567.5,517.5,567.5,2.198956780923994,1.6492175856929956,1.539269746646796
2023,CLAYTON,1155000.0,485.625,490.0,485.625,2.1863636363636365,1.6397727272727272,1.5304545454545455
2023,CORIO,480000.0,356.875,362.5,356.875,3.8661458333333334,2.899609375,2.706302083333333
2023,CRAIGIEBURN,650000.0,404.375,440.0,404.375,3.235,2.42625,2.2645
2023,CRANBOURNE,655000.0,427.25,485.0,427.25,3.391908396946565,2.5439312977099235,2.3743358778625954
2023,DANDENONG,690000.0,427.5,392.5,427.5,3.2217391304347824,2.4163043478260873,2.2552173913043476
2023,EAST MELBOURNE,2980000.0,1002.6,565.0,1002.6,1.7495033557046982,1.3121275167785236,1.2246523489932886
2023,ECHUCA,580000.0,396.25,415.0,396.25,3.552586206896552,2.664439655172414,2.486810344827586
2023,ELSTERNWICK,2285000.0,748.5,500.0,748.5,1.7033698030634574,1.277527352297593,1.19235886214442
2023,ELWOOD,2200000.0,827.625,490.0,827.625,1.9562045454545454,1.467153409090909,1.3693431818181818
2023,ESSENDON,1760000.0,490.375,457.5,490.375,1.4488352272727272,1.0866264204545455,1.014184659090909
2023,FERNTREE GULLY,890000.0,446.25,482.5,446.25,2.607303370786517,1.9554775280898877,1.8251123595505614
2023,FITZROY,1555000.0,810.0,602.5,810.0,2.7086816720257234,2.0315112540192923,1.8960771704180064
2023,FOOTSCRAY,902000.0,521.875,440.0,521.875,3.0085920177383594,2.2564440133037693,2.1060144124168514
2023,FRANKSTON,735000.0,459.375,456.0,459.375,3.25,2.4375,2.275
2023,HAMILTON,370000.0,329.75,332.5,329.75,4.634324324324324,3.4757432432432434,3.2440270270270273
2023,HAWTHORN,2720000.0,743.125,460.0,743.125,1.4206801470588235,1.0655101102941176,0.9944761029411765
2023,HORSHAM,400000.0,344.75,350.0,344.75,4.48175,3.3613125,3.137225
2023,KEILOR,1132500.0,475.0,495.0,475.0,2.1810154525386314,1.6357615894039734,1.5267108167770418
2023,KEW,2905000.0,666.0,572.5,666.0,1.1921514629948367,0.8941135972461274,0.8345060240963854
2023,LARA,692000.0,443.0,495.0,443.0,3.3289017341040466,2.496676300578035,2.3302312138728323
2023,MALVERN,3050000.0,791.125,566.5,791.125,1.3488032786885247,1.0116024590163935,0.9441622950819671
2023,MALVERN EAST,2110000.0,620.375,515.0,620.375,1.5288862559241705,1.146664691943128,1.0702203791469194
2023,MELTON,470000.0,342.25,387.5,342.25,3.7865957446808514,2.8399468085106383,2.6506170212765956
2023,MILDURA,436000.0,357.875,375.0,357.875,4.268233944954129,3.2011754587155967,2.98776376146789
2023,MORWELL,334500.0,326.25,335.0,326.25,5.071748878923767,3.8038116591928253,3.550224215246637
2023,MOUNT WAVERLEY,1600000.0,506.375,585.0,506.375,1.6457187500000001,1.2342890625,1.152003125
2023,NOBLE PARK,732000.0,426.25,407.5,426.25,3.028005464480874,2.2710040983606556,2.119603825136612
2023,NORTH BENDIGO,515000.0,390.0,425.0,390.0,3.937864077669903,2.9533980582524273,2.756504854368932
2023,NORTH GEELONG,646500.0,426.25,440.0,426.25,3.4284609435421496,2.5713457076566124,2.3999226604795045
2023,NORTHCOTE,1625000.0,703.125,540.0,703.125,2.25,1.6875,1.575
2023,PAKENHAM,640000.0,410.375,442.5,410.375,3.334296875,2.50072265625,2.3340078125
2023,PORT MELBOURNE,1745000.0,763.75,662.5,763.75,2.2759312320916902,1.7069484240687678,1.5931518624641834
2023,PORTLAND,437500.0,378.125,400.0,378.125,4.494285714285715,3.370714285714286,3.1460000000000004
2023,PRESTON,1147500.0,528.125,470.0,528.125,2.393246187363834,1.7949346405228759,1.6752723311546842
2023,RESERVOIR,871800.0,435.375,425.0,435.375,2.5968685478320714,1.9476514108740537,1.81780798348245
2023,RINGWOOD,999500.0,469.5,465.0,469.5,2.4426213106553276,1.8319659829914958,1.709834917458729
2023,ROWVILLE,1096000.0,507.0,540.0,507.0,2.4054744525547447,1.8041058394160585,1.683832116788321
2023,SEYMOUR,467500.0,373.625,375.0,373.625,4.155828877005348,3.116871657754011,2.909080213903743
2023,SHEPPARTON,445000.0,364.125,387.5,364.125,4.254943820224719,3.19120786516854,2.9784606741573034
2023,SOUTH MELBOURNE,1630000.0,783.875,570.0,783.875,2.500705521472393,1.8755291411042943,1.7504938650306747
2023,SOUTH YARRA,2390000.0,848.875,530.0,848.875,1.8469246861924686,1.3851935146443515,1.292847280334728
2023,SPRINGVALE,875000.0,444.0,455.0,444.0,2.6386285714285713,1.9789714285714286,1.8470399999999998
2023,ST KILDA,1480500.0,752.25,455.0,752.25,2.642147922998987,1.98161094224924,1.8495035460992908
2023,SUNBURY,660000.0,392.875,432.5,392.875,3.0953787878787877,2.3215340909090907,2.1667651515151514
2023,SUNSHINE,797500.0,387.75,390.0,387.75,2.5282758620689654,1.896206896551724,1.7697931034482757
2023,SWAN HILL,438800.0,340.0,330.0,340.0,4.0291704649042845,3.0218778486782134,2.820419325432999
2023,SYDENHAM,750000.0,406.25,440.0,406.25,2.8166666666666664,2.1125000000000003,1.9716666666666665
2023,THORNBURY,1382000.0,639.75,461.5,639.75,2.4071635311143273,1.8053726483357453,1.6850144717800288
2023,TOORAK,5325000.0,854.125,584.0,854.125,0.8340751173708921,0.625556338028169,0.5838525821596244
2023,TORQUAY,1252500.0,553.125,622.5,553.125,2.2964071856287425,1.7223053892215567,1.6074850299401195
2023,TRARALGON,500000.0,376.875,390.0,376.875,3.9195,2.939625,2.7436499999999997
2023,WARRAGUL,648500.0,397.5,450.0,397.5,3.1873554356206633,2.3905165767154974,2.231148804934464
2023,WARRNAMBOOL,605000.0,436.25,440.0,436.25,3.7495867768595046,2.812190082644628,2.6247107438016526
2023,WEST FOOTSCRAY,905000.0,461.875,440.0,461.875,2.6538674033149174,1.9904005524861879,1.8577071823204419
2023,WHITTLESEA,760000.0,409.375,457.5,409.375,2.800986842105263,2.1007401315789473,1.960690789473684
2023,WILLIAMSTOWN,1580000.0,624.75,585.0,624.75,2.056139240506329,1.5421044303797469,1.4392974683544302
2023,WODONGA,540000.0,398.75,420.0,398.75,3.839814814814815,2.879861111111111,2.68787037037037
2024,ALTONA,1140000.0,480.375,540.0,480.375,2.1911842105263157,1.643388157894737,1.5338289473684208
2024,ARMADALE,2180000.0,917.125,591.5,917.125,2.187637614678899,1.6407282110091743,1.5313463302752293
2024,BAIRNSDALE,430000.0,400.125,427.5,400.125,4.838720930232558,3.6290406976744185,3.3871046511627907
2024,BALWYN,2860000.0,626.25,690.0,626.25,1.1386363636363637,0.8539772727272728,0.7970454545454546
2024,BAYSWATER,836500.0,499.25,510.0,499.25,3.103526598924088,2.327644949193066,2.1724686192468616
2024,BENALLA,445000.0,392.625,410.0,392.625,4.587977528089888,3.440983146067416,3.211584269662921
2024,BENDIGO,607500.0,430.625,430.0,430.625,3.6860082304526745,2.764506172839506,2.580205761316872
2024,BENTLEIGH,1621000.0,646.875,650.0,646.875,2.075107958050586,1.5563309685379394,1.4525755706354104
2024,BERWICK,870000.0,497.875,560.0,497.875,2.975804597701149,2.2318534482758623,2.083063218390804
2024,BLACKBURN,1502000.0,563.125,570.0,563.125,1.9495672436751,1.462175432756325,1.36469707057257
2024,BORONIA,835000.0,491.25,520.0,491.25,3.0592814371257484,2.294461077844311,2.1414970059880236
2024,BOX HILL,1680000.0,551.5,597.5,551.5,1.7070238095238097,1.2802678571428572,1.1949166666666666
2024,BRIGHTON,3170000.0,918.75,697.5,918.75,1.5070977917981072,1.1303233438485805,1.054968454258675
2024,BRIGHTON EAST,2192500.0,741.625,857.5,741.625,1.7589281641961232,1.3191961231470923,1.231249714937286
2024,BRUNSWICK,1292500.0,729.375,575.0,729.375,2.934429400386847,2.2008220502901352,2.054100580270793
2024,CARLTON NORTH,1475000.0,798.75,685.0,798.75,2.8159322033898304,2.111949152542373,1.9711525423728808
2024,CARNEGIE,1700000.0,657.625,540.0,657.625,2.0115588235294117,1.5086691176470588,1.4080911764705881
2024,CASTLEMAINE,716500.0,442.375,452.5,442.375,3.210537334263782,2.4079030006978366,2.2473761339846474
2024,CAULFIELD,2250000.0,705.75,622.5,705.75,1.6310666666666669,1.2233,1.1417466666666665
2024,CHELTENHAM,1307000.0,626.625,595.0,626.625,2.4930757459831674,1.8698068094873757,1.7451530221882172
2024,CLAYTON,1125500.0,553.5,580.0,553.5,2.5572634384717903,1.9179475788538427,1.790084406930253
2024,CORIO,485000.0,375.0,387.5,375.0,4.020618556701031,3.015463917525773,2.814432989690722
2024,CRAIGIEBURN,655800.0,453.125,503.0,453.125,3.5929399207075328,2.6947049405306496,2.515057944495273
2024,CRANBOURNE,650000.0,486.25,555.0,486.25,3.8899999999999997,2.9175,2.723
2024,DANDENONG,708500.0,513.875,490.0,513.875,3.7715596330275227,2.8286697247706423,2.640091743119266
2024,EAST MELBOURNE,3550000.0,1181.25,600.0,1181.25,1.730281690140845,1.297711267605634,1.2111971830985915
2024,ECHUCA,556300.0,431.625,450.0,431.625,4.03460363113428,3.02595272335071,2.824222541793996
2024,ELSTERNWICK,2057500.0,786.625,572.5,786.625,1.988068043742406,1.4910510328068043,1.3916476306196839
2024,ELWOOD,1790000.0,891.0,570.0,891.0,2.588379888268156,1.9412849162011174,1.8118659217877093
2024,ESSENDON,1660000.0,558.5,520.0,558.5,1.7495180722891566,1.3121385542168673,1.2246626506024096
2024,FERNTREE GULLY,870000.0,504.25,555.0,504.25,3.013908045977012,2.2604310344827585,2.1097356321839076
2024,FITZROY,1750000.0,874.5,655.0,874.5,2.5985142857142858,1.9488857142857146,1.8189600000000001
2024,FOOTSCRAY,960000.0,593.125,510.0,593.125,3.2127604166666663,2.4095703125,2.2489322916666667
2024,FRANKSTON,745000.0,497.25,505.0,497.25,3.4707382550335573,2.603053691275168,2.4295167785234897
2024,HAMILTON,365000.0,342.25,350.0,342.25,4.875890410958903,3.6569178082191782,3.4131232876712323
2024,HAWTHORN,2600000.0,801.625,530.0,801.625,1.60325,1.2024375,1.122275
2024,HORSHAM,382000.0,368.125,380.0,368.125,5.011125654450262,3.7583442408376966,3.5077879581151836
2024,KEILOR,1130000.0,547.5,605.0,547.5,2.5194690265486726,1.8896017699115044,1.7636283185840707
2024,KEW,2781000.0,741.625,656.5,741.625,1.3867134124415676,1.0400350593311758,0.9706993887090974
2024,LARA,676500.0,442.625,525.0,442.625,3.402291204730229,2.551718403547672,2.38160384331116
2024,MALVERN,3082500.0,862.0,582.5,862.0,1.4541443633414437,1.0906082725060826,1.0179010543390106
2024,MALVERN EAST,2046250.0,693.0,590.0,693.0,1.7610751374465488,1.3208063530849115,1.2327525962125838
2024,MELTON,465000.0,386.25,440.0,386.25,4.319354838709677,3.239516129032258,3.023548387096774
2024,MILDURA,455000.0,388.875,402.5,388.875,4.444285714285715,3.333214285714286,3.1109999999999998
2024,MORWELL,331500.0,340.625,350.0,340.625,5.3431372549019605,4.007352941176471,3.740196078431372
2024,MOUNT WAVERLEY,1570000.0,592.875,650.0,592.875,1.9636624203821655,1.4727468152866243,1.3745636942675157
2024,NOBLE PARK,765000.0,498.5,490.0,498.5,3.3884967320261437,2.541372549019608,2.3719477124183004
2024,NORTH BENDIGO,479500.0,411.25,445.0,411.25,4.45985401459854,3.344890510948905,3.121897810218978
2024,NORTH GEELONG,620000.0,440.375,455.0,440.375,3.693467741935484,2.770100806451613,2.5854274193548386
2024,NORTHCOTE,1575000.0,773.125,607.5,773.125,2.5525396825396824,1.914404761904762,1.7867777777777778
2024,PAKENHAM,660000.0,464.375,505.0,464.375,3.6587121212121207,2.744034090909091,2.561098484848485
2024,PORT MELBOURNE,1550000.0,836.0,700.0,836.0,2.8046451612903223,2.1034838709677417,1.9632516129032256
2024,PORTLAND,400000.0,396.625,400.0,396.625,5.156125,3.8670937500000004,3.6092874999999998
2024,PRESTON,1172500.0,603.75,510.0,603.75,2.6776119402985072,2.0082089552238807,1.8743283582089554
2024,RESERVOIR,895000.0,500.0,490.0,500.0,2.905027932960894,2.1787709497206706,2.033519553072626
2024,RINGWOOD,1040000.0,525.25,534.5,525.25,2.62625,1.9696874999999998,1.8383749999999996
2024,ROWVILLE,1054100.0,565.0,595.0,565.0,2.7872118394839203,2.09040887961294,1.951048287638744
2024,SEYMOUR,407500.0,388.75,397.5,388.75,4.960736196319019,3.7205521472392635,3.4725153374233133
2024,SHEPPARTON,450000.0,398.75,415.0,398.75,4.607777777777778,3.4558333333333335,3.225444444444444
2024,SOUTH MELBOURNE,1535000.0,852.25,632.5,852.25,2.887100977198697,2.165325732899023,2.0209706840390878
2024,SOUTH YARRA,2150000.0,920.125,600.0,920.125,2.225418604651163,1.669063953488372,1.5577930232558137
2024,SPRINGVALE,855000.0,528.75,540.0,528.75,3.215789473684211,2.4118421052631582,2.2510526315789474
2024,ST KILDA,1398000.0,827.25,530.0,827.25,3.077038626609442,2.3077789699570816,2.153927038626609
2024,SUNBURY,660000.0,436.25,485.0,436.25,3.437121212121212,2.5778409090909093,2.4059848484848483
2024,SUNSHINE,815000.0,444.375,450.0,444.375,2.835276073619632,2.1264570552147237,1.9846932515337419
2024,SWAN HILL,480000.0,385.625,370.0,385.625,4.177604166666667,3.1332031250000005,2.9243229166666667
2024,SYDENHAM,699100.0,438.125,490.0,438.125,3.2588327850092975,2.4441245887569734,2.2811829495065084
2024,THORNBURY,1400000.0,708.125,507.5,708.125,2.6301785714285715,1.9726339285714285,1.8411250000000001
2024,TOORAK,4805000.0,975.125,657.5,975.125,1.0552861602497399,0.7914646201873049,0.7387003121748178
2024,TORQUAY,1192500.0,580.5,650.0,580.5,2.531320754716981,1.8984905660377356,1.7719245283018867
2024,TRARALGON,504500.0,403.5,425.0,403.5,4.158969276511398,3.1192269573835483,2.9112784935579783
2024,WARRAGUL,628500.0,426.0,485.0,426.0,3.524582338902148,2.6434367541766113,2.4672076372315033
2024,WARRNAMBOOL,580000.0,473.125,477.5,473.125,4.241810344827586,3.18135775862069,2.96926724137931
2024,WEST FOOTSCRAY,908000.0,527.5,510.0,527.5,3.0209251101321586,2.265693832599119,2.114647577092511
2024,WHITTLESEA,675000.0,468.125,525.0,468.125,3.6062962962962963,2.7047222222222222,2.5244074074074074
2024,WILLIAMSTOWN,1595000.0,670.0,625.0,670.0,2.1843260188087776,1.6382445141065831,1.5290282131661443
2024,WODONGA,525000.0,422.875,450.0,422.875,4.18847619047619,3.141357142857143,2.9319333333333333
2025,ALTONA,1184000.0,505.8333333333333,550.0,505.8333333333333,2.221565315315315,1.6661739864864866,1.5550957207207208
2025,ARMADALE,2321500.0,950.5,625.0,950.5,2.1290544906310576,1.5967908679732932,1.4903381434417402
2025,BAIRNSDALE,440000.0,420.0,460.0,420.0,4.963636363636364,3.7227272727272727,3.4745454545454546
2025,BALWYN,3114000.0,651.6666666666666,720.0,651.6666666666666,1.0882038107471632,0.8161528580603724,0.7617426675230142
2025,BAYSWATER,868600.0,541.6666666666666,550.0,541.6666666666666,3.242766137078824,2.4320746028091182,2.2699362959551763
2025,BENALLA,461250.0,415.0,443.0,415.0,4.678590785907859,3.5089430894308946,3.275013550135501
2025,BENDIGO,618750.0,467.1666666666667,460.0,467.1666666666667,3.9260875420875427,2.944565656565657,2.7482612794612793
2025,BENTLEIGH,1718750.0,664.1666666666666,680.0,664.1666666666666,2.0094060606060604,1.5070545454545454,1.4065842424242423
2025,BERWICK,885000.0,523.3333333333334,600.0,523.3333333333334,3.074952919020716,2.306214689265537,2.152467043314501
2025,BLACKBURN,1655900.0,579.1666666666666,600.0,579.1666666666666,1.8187491193107475,1.3640618394830606,1.273124383517523
2025,BORONIA,858450.0,546.6666666666666,560.0,546.6666666666666,3.311394567728658,2.483545925796494,2.3179761974100606
2025,BOX HILL,1711500.0,588.3333333333334,600.0,588.3333333333334,1.7875158243256404,1.3406368682442302,1.2512610770279482
2025,BRIGHTON,3445900.0,941.6666666666666,800.0,941.6666666666666,1.4210124108844326,1.0657593081633245,0.9947086876191028
2025,BRIGHTON EAST,2193750.0,788.8333333333334,808.0,788.8333333333334,1.8698271604938272,1.4023703703703703,1.3088790123456788
2025,BRUNSWICK,1292500.0,748.3333333333334,600.0,748.3333333333334,3.0107027724049003,2.258027079303675,2.10749194068343
2025,CARLTON NORTH,1778000.0,835.5,750.0,835.5,2.4435320584926883,1.8326490438695164,1.7104724409448817
2025,CARNEGIE,1767500.0,670.0,560.0,670.0,1.971145685997171,1.4783592644978785,1.3798019801980197
2025,CASTLEMAINE,751250.0,460.5,470.0,460.5,3.1874875207986686,2.390615640599002,2.2312412645590682
2025,CAULFIELD,2382500.0,738.8333333333334,650.0,738.8333333333334,1.61256383350822,1.2094228751311646,1.1287946834557538
2025,CHELTENHAM,1279250.0,643.0,620.0,643.0,2.613718975962478,1.9602892319718586,1.8296032831737343
2025,CLAYTON,1245000.0,577.1666666666666,600.0,577.1666666666666,2.410655957161981,1.8079919678714858,1.687459170013387
2025,CORIO,496750.0,393.0,400.0,393.0,4.113940613990941,3.085455460493206,2.8797584297936587
2025,CRAIGIEBURN,689500.0,475.0,525.0,475.0,3.582306018854242,2.6867295141406817,2.5076142131979693
2025,CRANBOURNE,686750.0,516.5,580.0,516.5,3.910884601383327,2.9331634510374953,2.737619220968329
2025,DANDENONG,740250.0,524.6666666666666,520.0,524.6666666666666,3.685601711133626,2.7642012833502196,2.579921197793538
2025,EAST MELBOURNE,2048000.0,1036.6666666666667,630.0,1036.6666666666667,2.6321614583333335,1.97412109375,1.8425130208333331
2025,ECHUCA,605150.0,456.8333333333333,450.0,456.8333333333333,3.9255281059792333,2.944146079484425,2.747869674185463
2025,ELSTERNWICK,1926000.0,810.1666666666666,600.0,810.1666666666666,2.1873658705434407,1.6405244029075803,1.5311561093804082
2025,ELWOOD,2423750.0,898.3333333333334,578.0,898.3333333333334,1.9273164861612517,1.4454873646209387,1.349121540312876
2025,ESSENDON,1577500.0,595.8333333333334,550.0,595.8333333333334,1.9640781827786586,1.4730586370839938,1.3748547279450607
2025,FERNTREE GULLY,899550.0,554.3333333333334,590.0,554.3333333333334,3.204417023326479,2.4033127674948584,2.2430919163285346
2025,FITZROY,1707500.0,953.0,700.0,953.0,2.902254758418741,2.1766910688140557,2.0315783308931183
2025,FOOTSCRAY,917500.0,605.1666666666666,520.0,605.1666666666666,3.4298274296094458,2.572370572207084,2.4008792007266115
2025,FRANKSTON,780000.0,525.0,540.0,525.0,3.5000000000000004,2.625,2.45
2025,HAMILTON,402000.0,353.8333333333333,353.0,353.8333333333333,4.576948590381426,3.43271144278607,3.203864013266998
2025,HAWTHORN,2566250.0,823.0,530.0,823.0,1.6676473453482707,1.2507355090112031,1.1673531417437895
2025,HORSHAM,396300.0,381.6666666666667,380.0,381.6666666666667,5.007990579527295,3.7559929346454703,3.505593405669106
2025,KEILOR,1176000.0,590.0,633.0,590.0,2.608843537414966,1.9566326530612244,1.8261904761904761
2025,KEW,2777750.0,762.1666666666666,680.0,762.1666666666666,1.426790267902679,1.0700927009270091,0.9987531875318753
2025,LARA,671250.0,457.5,550.0,457.5,3.54413407821229,2.6581005586592177,2.4808938547486035
2025,MALVERN,2920000.0,898.0,630.0,898.0,1.599178082191781,1.1993835616438357,1.1194246575342464
2025,MALVERN EAST,2218750.0,695.5,610.0,695.5,1.6300169014084507,1.222512676056338,1.1410118309859154
2025,MELTON,500000.0,399.1666666666667,450.0,399.1666666666667,4.1513333333333335,3.1135,2.9059333333333335
2025,MILDURA,501750.0,426.6666666666667,450.0,426.6666666666667,4.421856834412888,3.316392625809666,3.095299784089022
2025,MORWELL,353000.0,370.0,380.0,370.0,5.45042492917847,4.087818696883852,3.8152974504249295
2025,MOUNT WAVERLEY,1617500.0,607.5,670.0,607.5,1.9530139103554869,1.464760432766615,1.3671097372488408
2025,NOBLE PARK,798750.0,515.0,515.0,515.0,3.352738654147105,2.5145539906103287,2.3469170579029734
2025,NORTH BENDIGO,528750.0,438.3333333333333,470.0,438.3333333333333,4.310795902285264,3.233096926713948,3.0175571315996845
2025,NORTH GEELONG,645500.0,464.6666666666667,480.0,464.6666666666667,3.743248128066099,2.8074360960495737,2.6202736896462686
2025,NORTHCOTE,1722250.0,775.0,640.0,775.0,2.339962258673247,1.7549716940049354,1.637973581071273
2025,PAKENHAM,680000.0,490.0,540.0,490.0,3.7470588235294118,2.8102941176470586,2.6229411764705883
2025,PORT MELBOURNE,1567500.0,847.5,770.0,847.5,2.811483253588517,2.1086124401913873,1.9680382775119614
2025,PORTLAND,421250.0,403.3333333333333,415.0,403.3333333333333,4.978832838773491,3.734124629080119,3.485182987141444
2025,PRESTON,1201250.0,619.6666666666666,550.0,619.6666666666666,2.682428026361429,2.0118210197710718,1.8776996184530004
2025,RESERVOIR,917500.0,528.3333333333334,525.0,528.3333333333334,2.994368755676658,2.245776566757493,2.0960581289736604
2025,RINGWOOD,1044000.0,558.8333333333334,550.0,558.8333333333334,2.7834610472541508,2.087595785440613,1.9484227330779054
2025,ROWVILLE,1130000.0,572.5,650.0,572.5,2.634513274336283,1.9758849557522125,1.8441592920353984
2025,SEYMOUR,455250.0,400.8333333333333,400.0,400.8333333333333,4.578436756360974,3.43382756727073,3.204905729452681
2025,SHEPPARTON,473250.0,427.5,450.0,427.5,4.697305863708399,3.5229793977812993,3.2881141045958797
2025,SOUTH MELBOURNE,1675000.0,841.8333333333334,650.0,841.8333333333334,2.613452736318408,1.960089552238806,1.8294169154228854
2025,SOUTH YARRA,1845000.0,938.3333333333334,600.0,938.3333333333334,2.644625112917796,1.983468834688347,1.8512375790424571
2025,SPRINGVALE,895750.0,535.0,550.0,535.0,3.1057772816075913,2.3293329612056937,2.174044097125314
2025,ST KILDA,1616500.0,845.5,555.0,845.5,2.7198267862666254,2.0398700896999693,1.9038787503866377
2025,SUNBURY,676250.0,462.5,520.0,462.5,3.55637707948244,2.66728280961183,2.489463955637708
2025,SUNSHINE,786500.0,474.1666666666667,480.0,474.1666666666667,3.134986225895317,2.3512396694214877,2.194490358126722
2025,SWAN HILL,512650.0,455.0,400.0,455.0,4.615234565493027,3.4614259241197693,3.2306641958451183
2025,SYDENHAM,720250.0,460.0,500.0,460.0,3.3210690732384593,2.4908018049288443,2.3247483512669214
2025,THORNBURY,1393750.0,718.0,525.0,718.0,2.678816143497758,2.0091121076233183,1.87517130044843
2025,TOORAK,4212500.0,969.3333333333334,650.0,969.3333333333334,1.1965657764589517,0.8974243323442136,0.8375960435212659
2025,TORQUAY,1190000.0,596.3333333333334,660.0,596.3333333333334,2.605826330532213,1.9543697478991595,1.8240784313725489
2025,TRARALGON,528750.0,421.3333333333333,445.0,421.3333333333333,4.143609141055949,3.1077068557919625,2.9005263987391645
2025,WARRAGUL,635000.0,445.5,540.0,445.5,3.648188976377953,2.736141732283465,2.5537322834645666
2025,WARRNAMBOOL,604500.0,498.3333333333333,500.0,498.3333333333333,4.28673835125448,3.21505376344086,3.000716845878136
2025,WEST FOOTSCRAY,896250.0,551.6666666666666,550.0,551.6666666666666,3.200743840074384,2.400557880055788,2.2405206880520683
2025,WHITTLESEA,745000.0,480.0,540.0,480.0,3.350335570469799,2.512751677852349,2.345234899328859
2025,WILLIAMSTOWN,1520000.0,702.1666666666666,650.0,702.1666666666666,2.402149122807017,1.8016118421052632,1.6815043859649121
2025,WODONGA,608000.0,456.3333333333333,488.0,456.3333333333333,3.902850877192982,2.9271381578947366,2.7319956140350876
